/*
Seed data for Common.Data InitialCreate migration.
Run in SSMS against your target database.

Notes:
- Uses explicit identity values, so SET IDENTITY_INSERT is enabled per identity table.
- Insert order respects existing foreign keys:
  Patient -> MedicalHistory -> Allergy -> PatientAllergies -> MedicalRecord -> Prescription -> PrescriptionItems
- ER_* / Triage / Examination / Transfer_Log / Transplants currently have no FK constraints in this migration,
  but IDs are still made coherent where possible.
*/

SET NOCOUNT ON;
SET XACT_ABORT ON;

-- Safe cleanup so the script can be re-run.
-- Deletes child/dependent tables first, then parents, and resets identity seeds.
BEGIN TRY
    BEGIN TRANSACTION;

    DELETE FROM [PrescriptionItems];
    DELETE FROM [Prescription];
    DELETE FROM [PatientAllergies];
    DELETE FROM [MedicalRecord];
    DELETE FROM [MedicalHistory];

    DELETE FROM [Transfer_Log];
    DELETE FROM [Examination];
    DELETE FROM [Triage_Parameters];
    DELETE FROM [Triage];
    DELETE FROM [ER_Room];
    DELETE FROM [ER_Visit];

    DELETE FROM [Transplants];
    DELETE FROM [Allergy];
    DELETE FROM [Patient];

    DBCC CHECKIDENT ('[PrescriptionItems]', RESEED, 0) WITH NO_INFOMSGS;
    DBCC CHECKIDENT ('[Prescription]', RESEED, 0) WITH NO_INFOMSGS;
    DBCC CHECKIDENT ('[MedicalRecord]', RESEED, 0) WITH NO_INFOMSGS;
    DBCC CHECKIDENT ('[MedicalHistory]', RESEED, 0) WITH NO_INFOMSGS;
    DBCC CHECKIDENT ('[Transfer_Log]', RESEED, 0) WITH NO_INFOMSGS;
    DBCC CHECKIDENT ('[Examination]', RESEED, 0) WITH NO_INFOMSGS;
    DBCC CHECKIDENT ('[Triage]', RESEED, 0) WITH NO_INFOMSGS;
    DBCC CHECKIDENT ('[ER_Room]', RESEED, 0) WITH NO_INFOMSGS;
    DBCC CHECKIDENT ('[ER_Visit]', RESEED, 0) WITH NO_INFOMSGS;
    DBCC CHECKIDENT ('[Transplants]', RESEED, 0) WITH NO_INFOMSGS;
    DBCC CHECKIDENT ('[Allergy]', RESEED, 0) WITH NO_INFOMSGS;
    DBCC CHECKIDENT ('[Patient]', RESEED, 0) WITH NO_INFOMSGS;

SET IDENTITY_INSERT [Patient] ON;
INSERT INTO [Patient] ([PatientID], [FirstName], [LastName], [CNP], [DateOfBirth], [DateOfDeath], [Sex], [Phone], [EmergencyContact], [Archived], [IsDonor], [Transferred]) VALUES
(1, N'Andrei', N'Stan', N'1510225100001', '1951-02-25', NULL, N'M', N'0753464097', N'Diana Nita, 0797366946', 0, 0, 0),
(2, N'Maria', N'Radu', N'2520420100002', '1952-04-20', NULL, N'F', N'0716480894', N'Alexandru Enache, 0722633920', 0, 0, 0),
(3, N'Ion', N'Matei', N'1530614100003', '1953-06-14', NULL, N'M', N'0759081935', N'Roxana Ionescu, 0778106871', 0, 1, 0),
(4, N'Elena', N'Nita', N'2540808100004', '1954-08-08', NULL, N'F', N'0738816302', N'Ion Dumitrescu, 0768202938', 0, 0, 0),
(5, N'Alexandru', N'Serban', N'1551002100005', '1955-10-02', NULL, N'M', N'0766126116', N'Alexandru Munteanu, 0722175294', 0, 0, 0),
(6, N'Ioana', N'Dinu', N'2561125100006', '1956-11-25', NULL, N'F', N'0783960310', N'Laura Ionescu, 0785893910', 0, 0, 0),
(7, N'Mihai', N'Roman', N'1580119100007', '1958-01-19', NULL, N'M', N'0726616417', N'Stefan Balan, 0794212661', 0, 1, 0),
(8, N'Ana', N'Preda', N'2590315100008', '1959-03-15', NULL, N'F', N'0788248519', N'Elena Dinu, 0788590039', 0, 0, 0),
(9, N'Vlad', N'Dumitrescu', N'1600508100009', '1960-05-08', NULL, N'M', N'0763241552', N'Elena Munteanu, 0716252221', 0, 0, 1),
(10, N'Diana', N'Gheorghe', N'2610702100010', '1961-07-02', NULL, N'F', N'0784714297', N'Vlad Matei, 0766255890', 0, 0, 0),
(11, N'Cristian', N'Dobre', N'1620826100011', '1962-08-26', NULL, N'M', N'0729361589', N'Lucian Stan, 0786626738', 0, 0, 0),
(12, N'Raluca', N'Tudor', N'2631020100012', '1963-10-20', NULL, N'F', N'0751403729', N'Carmen Roman, 0734256684', 0, 0, 0),
(13, N'George', N'Barbu', N'1641213100013', '1964-12-13', NULL, N'M', N'0723831903', N'Roxana Dinu, 0795753514', 0, 0, 0),
(14, N'Irina', N'Enache', N'2660206100014', '1966-02-06', NULL, N'F', N'0735215622', N'Monica Stan, 0783517017', 1, 1, 0),
(15, N'Stefan', N'Balan', N'1670402100015', '1967-04-02', NULL, N'M', N'0718427393', N'Dorin Ionescu, 0793082061', 0, 0, 0),
(16, N'Bianca', N'Florea', N'2680526100016', '1968-05-26', NULL, N'F', N'0737643310', N'Claudia Roman, 0781366283', 0, 0, 0),
(17, N'Florin', N'Ionescu', N'1690720100017', '1969-07-20', NULL, N'M', N'0767390467', N'Denisa Marin, 0772492024', 0, 0, 0),
(18, N'Alina', N'Stoica', N'2700913100018', '1970-09-13', NULL, N'F', N'0788592782', N'Teodora Tudor, 0750234045', 0, 0, 1),
(19, N'Daniel', N'Munteanu', N'1711107100019', '1971-11-07', NULL, N'M', N'0743343251', N'Raluca Toma, 0742762079', 0, 0, 0),
(20, N'Gabriela', N'Marin', N'2721231100020', '1972-12-31', NULL, N'F', N'0720986393', N'Dorin Matei, 0780490681', 0, 0, 0),
(21, N'Victor', N'Ilie', N'1740224100021', '1974-02-24', NULL, N'M', N'0776453392', N'Oana Florea, 0770241505', 0, 1, 0),
(22, N'Oana', N'Dragomir', N'2750420100022', '1975-04-20', NULL, N'F', N'0748646352', N'Tudor Dumitrescu, 0725846520', 0, 1, 0),
(23, N'Radu', N'Voicu', N'1760613100023', '1976-06-13', NULL, N'M', N'0778710461', N'Catalin Gheorghe, 0755909953', 0, 0, 0),
(24, N'Monica', N'Toma', N'2770807100024', '1977-08-07', NULL, N'F', N'0730399018', N'Claudia Ilie, 0715262308', 0, 0, 0),
(25, N'Paul', N'Popescu', N'1781001100025', '1978-10-01', NULL, N'M', N'0799686414', N'Alexandru Preda, 0784903659', 0, 0, 0),
(26, N'Simona', N'Stan', N'2791125100026', '1979-11-25', NULL, N'F', N'0786910239', N'Victor Marin, 0757000147', 0, 0, 0),
(27, N'Catalin', N'Radu', N'1810118100027', '1981-01-18', NULL, N'M', N'0789774974', N'Claudia Dinu, 0771230843', 0, 0, 1),
(28, N'Laura', N'Matei', N'2820314100028', '1982-03-14', NULL, N'F', N'0719229206', N'Ioana Dobre, 0773632401', 0, 1, 0),
(29, N'Adrian', N'Nita', N'1830508100029', '1983-05-08', NULL, N'M', N'0799141000', N'Alexandru Ionescu, 0751554798', 0, 0, 0),
(30, N'Teodora', N'Serban', N'2840701100030', '1984-07-01', NULL, N'F', N'0796856164', N'Dorin Roman, 0769812891', 0, 0, 0),
(31, N'Sorin', N'Dinu', N'1850825100031', '1985-08-25', NULL, N'M', N'0748197765', N'Iulia Nita, 0799745048', 0, 0, 0),
(32, N'Claudia', N'Roman', N'2861019100032', '1986-10-19', NULL, N'F', N'0756574257', N'Maria Barbu, 0757709585', 0, 0, 0),
(33, N'Bogdan', N'Preda', N'1871213100033', '1987-12-13', NULL, N'M', N'0732555071', N'Andreea Stan, 0776262352', 0, 0, 0),
(34, N'Nicoleta', N'Dumitrescu', N'2890205100034', '1989-02-05', NULL, N'F', N'0717912728', N'Irina Preda, 0748578460', 0, 0, 0),
(35, N'Lucian', N'Gheorghe', N'1900401100035', '1990-04-01', NULL, N'M', N'0727359750', N'Madalina Munteanu, 0763404922', 0, 1, 0),
(36, N'Carmen', N'Dobre', N'2910526100036', '1991-05-26', NULL, N'F', N'0762472380', N'Claudia Dumitrescu, 0732329304', 0, 0, 1),
(37, N'Dorin', N'Tudor', N'1920719100037', '1992-07-19', NULL, N'M', N'0770288912', N'Simona Enache, 0747290936', 0, 0, 0),
(38, N'Roxana', N'Barbu', N'2930912100038', '1993-09-12', NULL, N'F', N'0728377915', N'Laura Enache, 0747369042', 0, 0, 0),
(39, N'Tudor', N'Enache', N'1941106100039', '1994-11-06', NULL, N'M', N'0765740154', N'Radu Roman, 0761061966', 1, 0, 0),
(40, N'Andreea', N'Balan', N'2951231100040', '1995-12-31', NULL, N'F', N'0740970943', N'Diana Dumitrescu, 0733651543', 0, 0, 0),
(41, N'Mircea', N'Florea', N'1970223100041', '1997-02-23', NULL, N'M', N'0730306925', N'Stefan Roman, 0741317839', 0, 0, 0),
(42, N'Lavinia', N'Ionescu', N'2980419100042', '1998-04-19', NULL, N'F', N'0711619076', N'Claudia Dinu, 0734473646', 0, 1, 0),
(43, N'Cosmin', N'Stoica', N'1990613100043', '1999-06-13', NULL, N'M', N'0745265254', N'Daniel Popescu, 0729552354', 0, 0, 0),
(44, N'Ema', N'Munteanu', N'2000806100044', '2000-08-06', NULL, N'F', N'0766230047', N'Lucian Tudor, 0791847639', 0, 0, 0),
(45, N'Sebastian', N'Marin', N'1010930100045', '2001-09-30', NULL, N'M', N'0786013032', N'Victor Stoica, 0779188088', 0, 0, 1),
(46, N'Iulia', N'Ilie', N'2021124100046', '2002-11-24', NULL, N'F', N'0792891895', N'Lavinia Roman, 0717246803', 0, 0, 0),
(47, N'Robert', N'Dragomir', N'1040118100047', '2004-01-18', NULL, N'M', N'0771289682', N'Denisa Roman, 0785064182', 0, 0, 0),
(48, N'Madalina', N'Voicu', N'2050313100048', '2005-03-13', NULL, N'F', N'0762664205', N'Simona Nita, 0762897893', 0, 0, 0),
(49, N'Octavian', N'Toma', N'1060507100049', '2006-05-07', NULL, N'M', N'0723896513', N'Sorin Balan, 0763746500', 0, 1, 0),
(50, N'Denisa', N'Popescu', N'2070701100050', '2007-07-01', NULL, N'F', N'0718354761', N'George Dumitrescu, 0738019720', 0, 0, 0),
(51, N'Andrei', N'Stan', N'1080824100051', '2008-08-24', NULL, N'M', N'0769139937', N'Cristian Stan, 0755641228', 0, 0, 0),
(52, N'Maria', N'Radu', N'2091018100052', '2009-10-18', NULL, N'F', N'0790628248', N'Elena Stan, 0710031310', 0, 0, 0),
(53, N'Ion', N'Matei', N'1101212100053', '2010-12-12', NULL, N'M', N'0786072408', N'Diana Enache, 0723618316', 0, 0, 0),
(54, N'Elena', N'Nita', N'2120205100054', '2012-02-05', NULL, N'F', N'0758802897', N'Andreea Popescu, 0719437596', 0, 0, 1),
(55, N'Alexandru', N'Serban', N'1130331100055', '2013-03-31', NULL, N'M', N'0737910936', N'Andreea Nita, 0729938108', 0, 0, 0),
(56, N'Ioana', N'Dinu', N'2140525100056', '2014-05-25', NULL, N'F', N'0795149012', N'Florin Tudor, 0790836544', 0, 1, 0),
(57, N'Mihai', N'Roman', N'1150719100057', '2015-07-19', NULL, N'M', N'0758877189', N'Sorin Stan, 0725482486', 0, 0, 0),
(58, N'Ana', N'Preda', N'2160911100058', '2016-09-11', NULL, N'F', N'0775507385', N'Teodora Serban, 0774939188', 1, 0, 0),
(59, N'Vlad', N'Dumitrescu', N'1171105100059', '2017-11-05', NULL, N'M', N'0751856109', N'Ioana Stoica, 0723715389', 0, 0, 0),
(60, N'Diana', N'Gheorghe', N'2181230100060', '2018-12-30', NULL, N'F', N'0755987803', N'Madalina Dobre, 0774239549', 0, 0, 0);
SET IDENTITY_INSERT [Patient] OFF;

SET IDENTITY_INSERT [Allergy] ON;
INSERT INTO [Allergy] ([AllergyID], [AllergyName], [AllergyType], [AllergyCategory]) VALUES
(1, N'Penicillin', N'Medication', N'Antibiotic'),
(2, N'Ibuprofen', N'Medication', N'NSAID'),
(3, N'Aspirin', N'Medication', N'NSAID'),
(4, N'Latex', N'Contact', N'Material'),
(5, N'Peanuts', N'Food', N'Nuts'),
(6, N'Shellfish', N'Food', N'Seafood'),
(7, N'Eggs', N'Food', N'Protein'),
(8, N'Milk', N'Food', N'Dairy'),
(9, N'Soy', N'Food', N'Legume'),
(10, N'Wheat', N'Food', N'Gluten'),
(11, N'Bee venom', N'Environmental', N'Insect'),
(12, N'Pollen', N'Environmental', N'Seasonal'),
(13, N'Dust mites', N'Environmental', N'Indoor'),
(14, N'Cat dander', N'Environmental', N'Animal'),
(15, N'Dog dander', N'Environmental', N'Animal'),
(16, N'Mold', N'Environmental', N'Fungal'),
(17, N'Contrast dye', N'Medication', N'Imaging'),
(18, N'Sulfa drugs', N'Medication', N'Antibiotic'),
(19, N'Codeine', N'Medication', N'Opioid'),
(20, N'Nickel', N'Contact', N'Metal'),
(21, N'Lidocaine', N'Medication', N'Anesthetic'),
(22, N'Cephalosporins', N'Medication', N'Antibiotic'),
(23, N'Insulin', N'Medication', N'Hormone'),
(24, N'Strawberries', N'Food', N'Fruit'),
(25, N'Sesame', N'Food', N'Seed');
SET IDENTITY_INSERT [Allergy] OFF;

SET IDENTITY_INSERT [ER_Visit] ON;
INSERT INTO [ER_Visit] ([Visit_ID], [Patient_ID], [Arrival_date_time], [Chief_Complaint], [Status]) VALUES
(1, N'1730404100003', '2026-01-05T12:26:00', N'Shortness of breath', N'TRIAGED'),
(2, N'1750606100005', '2026-01-05T17:37:00', N'Abdominal pain', N'IN_EXAMINATION'),
(3, N'1770808100007', '2026-01-05T22:48:00', N'Head injury', N'IN_ROOM'),
(4, N'1791010100009', '2026-01-06T03:59:00', N'High fever', N'CLOSED'),
(5, N'1811212100011', '2026-01-06T09:10:00', N'Severe allergic reaction', N'TRANSFERRED'),
(6, N'1830214100013', '2026-01-06T13:21:00', N'Fractured arm', N'WAITING_FOR_ROOM'),
(7, N'1850416100015', '2026-01-06T18:32:00', N'Loss of consciousness', N'TRIAGED'),
(8, N'1870618100017', '2026-01-06T23:43:00', N'Severe bleeding', N'IN_EXAMINATION'),
(9, N'1890820100019', '2026-01-07T04:54:00', N'Stroke symptoms', N'IN_ROOM'),
(10, N'1911022100021', '2026-01-07T10:05:00', N'Burn injury', N'CLOSED'),
(11, N'1931224100023', '2026-01-07T14:16:00', N'Poisoning', N'TRANSFERRED'),
(12, N'1950226100025', '2026-01-07T19:27:00', N'Seizure', N'WAITING_FOR_ROOM'),
(13, N'1970428100027', '2026-01-08T00:38:00', N'Acute back pain', N'TRIAGED'),
(14, N'1990602100029', '2026-01-08T05:49:00', N'Dehydration', N'IN_EXAMINATION'),
(15, N'1710804100031', '2026-01-08T11:00:00', N'Palpitations', N'IN_ROOM'),
(16, N'1731006100033', '2026-01-08T16:11:00', N'Hypertensive crisis', N'CLOSED'),
(17, N'1751208100035', '2026-01-08T20:22:00', N'Appendicitis symptoms', N'TRANSFERRED'),
(18, N'1770210100037', '2026-01-09T01:33:00', N'Renal colic', N'WAITING_FOR_ROOM'),
(19, N'1790412100039', '2026-01-09T06:44:00', N'Pneumonia symptoms', N'TRIAGED'),
(20, N'1810614100041', '2026-01-09T11:55:00', N'Chest pain', N'IN_EXAMINATION'),
(21, N'1830816100043', '2026-01-09T17:06:00', N'Shortness of breath', N'IN_ROOM'),
(22, N'1851018100045', '2026-01-09T21:17:00', N'Abdominal pain', N'CLOSED'),
(23, N'1871220100047', '2026-01-10T02:28:00', N'Head injury', N'TRANSFERRED'),
(24, N'1890222100049', '2026-01-10T07:39:00', N'High fever', N'WAITING_FOR_ROOM'),
(25, N'1910424100051', '2026-01-10T12:50:00', N'Severe allergic reaction', N'TRIAGED'),
(26, N'1930626100053', '2026-01-10T18:01:00', N'Fractured arm', N'IN_EXAMINATION'),
(27, N'1950828100055', '2026-01-10T23:12:00', N'Loss of consciousness', N'IN_ROOM'),
(28, N'1971002100057', '2026-01-11T03:23:00', N'Severe bleeding', N'CLOSED'),
(29, N'1991204100059', '2026-01-11T08:34:00', N'Stroke symptoms', N'TRANSFERRED'),
(30, N'1710202100001', '2026-01-11T13:45:00', N'Burn injury', N'WAITING_FOR_ROOM'),
(31, N'1730404100003', '2026-01-11T18:56:00', N'Poisoning', N'TRIAGED'),
(32, N'1750606100005', '2026-01-12T00:07:00', N'Seizure', N'IN_EXAMINATION'),
(33, N'1770808100007', '2026-01-12T04:18:00', N'Acute back pain', N'IN_ROOM'),
(34, N'1791010100009', '2026-01-12T09:29:00', N'Dehydration', N'CLOSED'),
(35, N'1811212100011', '2026-01-12T14:40:00', N'Palpitations', N'TRANSFERRED'),
(36, N'1830214100013', '2026-01-12T19:51:00', N'Hypertensive crisis', N'WAITING_FOR_ROOM'),
(37, N'1850416100015', '2026-01-13T01:02:00', N'Appendicitis symptoms', N'TRIAGED'),
(38, N'1870618100017', '2026-01-13T06:13:00', N'Renal colic', N'IN_EXAMINATION'),
(39, N'1890820100019', '2026-01-13T10:24:00', N'Pneumonia symptoms', N'IN_ROOM'),
(40, N'1911022100021', '2026-01-13T15:35:00', N'Chest pain', N'CLOSED'),
(41, N'1931224100023', '2026-01-13T20:46:00', N'Shortness of breath', N'TRANSFERRED'),
(42, N'1950226100025', '2026-01-14T01:57:00', N'Abdominal pain', N'WAITING_FOR_ROOM'),
(43, N'1970428100027', '2026-01-14T07:08:00', N'Head injury', N'TRIAGED'),
(44, N'1990602100029', '2026-01-14T11:19:00', N'High fever', N'IN_EXAMINATION'),
(45, N'1710804100031', '2026-01-14T16:30:00', N'Severe allergic reaction', N'IN_ROOM'),
(46, N'1731006100033', '2026-01-14T21:41:00', N'Fractured arm', N'CLOSED'),
(47, N'1751208100035', '2026-01-15T02:52:00', N'Loss of consciousness', N'TRANSFERRED'),
(48, N'1770210100037', '2026-01-15T08:03:00', N'Severe bleeding', N'WAITING_FOR_ROOM'),
(49, N'1790412100039', '2026-01-15T13:14:00', N'Stroke symptoms', N'TRIAGED'),
(50, N'1810614100041', '2026-01-15T17:25:00', N'Burn injury', N'IN_EXAMINATION'),
(51, N'1830816100043', '2026-01-15T22:36:00', N'Poisoning', N'IN_ROOM'),
(52, N'1851018100045', '2026-01-16T03:47:00', N'Seizure', N'CLOSED'),
(53, N'1871220100047', '2026-01-16T08:58:00', N'Acute back pain', N'TRANSFERRED'),
(54, N'1890222100049', '2026-01-16T14:09:00', N'Dehydration', N'WAITING_FOR_ROOM'),
(55, N'1910424100051', '2026-01-16T18:20:00', N'Palpitations', N'TRIAGED'),
(56, N'1930626100053', '2026-01-16T23:31:00', N'Hypertensive crisis', N'IN_EXAMINATION'),
(57, N'1950828100055', '2026-01-17T04:42:00', N'Appendicitis symptoms', N'IN_ROOM'),
(58, N'1971002100057', '2026-01-17T09:53:00', N'Renal colic', N'CLOSED'),
(59, N'1991204100059', '2026-01-17T15:04:00', N'Pneumonia symptoms', N'TRANSFERRED'),
(60, N'1710202100001', '2026-01-17T19:15:00', N'Chest pain', N'WAITING_FOR_ROOM'),
(61, N'1730404100003', '2026-01-18T00:26:00', N'Shortness of breath', N'TRIAGED'),
(62, N'1750606100005', '2026-01-18T05:37:00', N'Abdominal pain', N'IN_EXAMINATION'),
(63, N'1770808100007', '2026-01-18T10:48:00', N'Head injury', N'IN_ROOM'),
(64, N'1791010100009', '2026-01-18T15:59:00', N'High fever', N'CLOSED'),
(65, N'1811212100011', '2026-01-18T21:10:00', N'Severe allergic reaction', N'TRANSFERRED'),
(66, N'1830214100013', '2026-01-19T01:21:00', N'Fractured arm', N'WAITING_FOR_ROOM'),
(67, N'1850416100015', '2026-01-19T06:32:00', N'Loss of consciousness', N'TRIAGED'),
(68, N'1870618100017', '2026-01-19T11:43:00', N'Severe bleeding', N'IN_EXAMINATION'),
(69, N'1890820100019', '2026-01-19T16:54:00', N'Stroke symptoms', N'IN_ROOM'),
(70, N'1911022100021', '2026-01-19T22:05:00', N'Burn injury', N'CLOSED'),
(71, N'1931224100023', '2026-01-20T02:16:00', N'Poisoning', N'TRANSFERRED'),
(72, N'1950226100025', '2026-01-20T07:27:00', N'Seizure', N'WAITING_FOR_ROOM'),
(73, N'1970428100027', '2026-01-20T12:38:00', N'Acute back pain', N'TRIAGED'),
(74, N'1990602100029', '2026-01-20T17:49:00', N'Dehydration', N'IN_EXAMINATION'),
(75, N'1710804100031', '2026-01-20T23:00:00', N'Palpitations', N'IN_ROOM'),
(76, N'1731006100033', '2026-01-21T04:11:00', N'Hypertensive crisis', N'CLOSED'),
(77, N'1751208100035', '2026-01-21T08:22:00', N'Appendicitis symptoms', N'TRANSFERRED'),
(78, N'1770210100037', '2026-01-21T13:33:00', N'Renal colic', N'WAITING_FOR_ROOM'),
(79, N'1790412100039', '2026-01-21T18:44:00', N'Pneumonia symptoms', N'TRIAGED'),
(80, N'1810614100041', '2026-01-21T23:55:00', N'Chest pain', N'IN_EXAMINATION'),
(81, N'1830816100043', '2026-01-22T05:06:00', N'Shortness of breath', N'IN_ROOM'),
(82, N'1851018100045', '2026-01-22T09:17:00', N'Abdominal pain', N'CLOSED'),
(83, N'1871220100047', '2026-01-22T14:28:00', N'Head injury', N'TRANSFERRED'),
(84, N'1890222100049', '2026-01-22T19:39:00', N'High fever', N'WAITING_FOR_ROOM'),
(85, N'1910424100051', '2026-01-23T00:50:00', N'Severe allergic reaction', N'TRIAGED'),
(86, N'1930626100053', '2026-01-23T06:01:00', N'Fractured arm', N'IN_EXAMINATION'),
(87, N'1950828100055', '2026-01-23T11:12:00', N'Loss of consciousness', N'IN_ROOM'),
(88, N'1971002100057', '2026-01-23T15:23:00', N'Severe bleeding', N'CLOSED'),
(89, N'1991204100059', '2026-01-23T20:34:00', N'Stroke symptoms', N'TRANSFERRED'),
(90, N'1710202100001', '2026-01-24T01:45:00', N'Burn injury', N'WAITING_FOR_ROOM');
SET IDENTITY_INSERT [ER_Visit] OFF;

SET IDENTITY_INSERT [ER_Room] ON;
INSERT INTO [ER_Room] ([Room_ID], [Room_Type], [Availability_Status], [Current_Visit_ID]) VALUES
(1, N'General Examination Room', N'Available', NULL),
(2, N'Respiratory/Monitored Room', N'Occupied', 2),
(3, N'Trauma/Resuscitation Bay', N'Occupied', 3),
(4, N'Neurology/Quiet Observation Room', N'Available', NULL),
(5, N'Operating Room (OR)', N'Available', NULL),
(6, N'Orthopedic/Procedure Room', N'Available', NULL),
(7, N'General Examination Room', N'Available', NULL),
(8, N'Respiratory/Monitored Room', N'Occupied', 8),
(9, N'Trauma/Resuscitation Bay', N'Occupied', 9),
(10, N'Neurology/Quiet Observation Room', N'Available', NULL),
(11, N'Operating Room (OR)', N'Available', NULL),
(12, N'Orthopedic/Procedure Room', N'Available', NULL),
(13, N'Trauma/Resuscitation Bay', N'Cleaning', NULL),
(14, N'Neurology/Quiet Observation Room', N'Cleaning', NULL),
(15, N'Operating Room (OR)', N'Available', NULL),
(16, N'General Examination Room', N'Available', NULL),
(17, N'Respiratory/Monitored Room', N'Available', NULL),
(18, N'Trauma/Resuscitation Bay', N'Available', NULL),
(19, N'Neurology/Quiet Observation Room', N'Available', NULL),
(20, N'Orthopedic/Procedure Room', N'Available', NULL);
SET IDENTITY_INSERT [ER_Room] OFF;

SET IDENTITY_INSERT [Triage] ON;
INSERT INTO [Triage] ([Triage_ID], [Visit_ID], [Triage_Level], [Specialization], [Nurse_ID], [Triage_Time]) VALUES
(1, 1, 2, N'Neurology', 1, '2026-01-05T12:32:00'),
(2, 2, 3, N'Orthopedics', 2, '2026-01-05T17:44:00'),
(3, 3, 4, N'General Surgery', 3, '2026-01-05T22:56:00'),
(4, 4, 5, N'Emergency Medicine', 1, '2026-01-06T04:08:00'),
(5, 5, 1, N'Emergency Medicine', 2, '2026-01-06T09:20:00'),
(6, 6, 2, N'Pulmonology', 3, '2026-01-06T13:32:00'),
(7, 7, 3, N'Emergency Medicine', 1, '2026-01-06T18:44:00'),
(8, 8, 4, N'Emergency Medicine', 2, '2026-01-06T23:56:00'),
(9, 9, 5, N'Emergency Medicine', 3, '2026-01-07T05:08:00'),
(10, 10, 1, N'Emergency Medicine', 1, '2026-01-07T10:20:00'),
(11, 11, 2, N'Neurology', 2, '2026-01-07T14:32:00'),
(12, 12, 3, N'Orthopedics', 3, '2026-01-07T19:44:00'),
(13, 13, 4, N'General Surgery', 1, '2026-01-08T00:56:00'),
(14, 14, 5, N'Emergency Medicine', 2, '2026-01-08T06:08:00'),
(15, 15, 1, N'Emergency Medicine', 3, '2026-01-08T11:20:00'),
(16, 16, 2, N'Pulmonology', 1, '2026-01-08T16:32:00'),
(17, 17, 3, N'Emergency Medicine', 2, '2026-01-08T20:44:00'),
(18, 18, 4, N'Emergency Medicine', 3, '2026-01-09T01:56:00'),
(19, 19, 5, N'Emergency Medicine', 1, '2026-01-09T07:08:00'),
(20, 20, 1, N'Emergency Medicine', 2, '2026-01-09T12:00:00'),
(21, 21, 2, N'Neurology', 3, '2026-01-09T17:12:00'),
(22, 22, 3, N'Orthopedics', 1, '2026-01-09T21:24:00'),
(23, 23, 4, N'General Surgery', 2, '2026-01-10T02:36:00'),
(24, 24, 5, N'Emergency Medicine', 3, '2026-01-10T07:48:00'),
(25, 25, 1, N'Emergency Medicine', 1, '2026-01-10T13:00:00'),
(26, 26, 2, N'Pulmonology', 2, '2026-01-10T18:12:00'),
(27, 27, 3, N'Emergency Medicine', 3, '2026-01-10T23:24:00'),
(28, 28, 4, N'Emergency Medicine', 1, '2026-01-11T03:36:00'),
(29, 29, 5, N'Emergency Medicine', 2, '2026-01-11T08:48:00'),
(30, 30, 1, N'Emergency Medicine', 3, '2026-01-11T14:00:00'),
(31, 31, 2, N'Neurology', 1, '2026-01-11T19:12:00'),
(32, 32, 3, N'Orthopedics', 2, '2026-01-12T00:24:00'),
(33, 33, 4, N'General Surgery', 3, '2026-01-12T04:36:00'),
(34, 34, 5, N'Emergency Medicine', 1, '2026-01-12T09:48:00'),
(35, 35, 1, N'Emergency Medicine', 2, '2026-01-12T15:00:00'),
(36, 36, 2, N'Pulmonology', 3, '2026-01-12T20:12:00'),
(37, 37, 3, N'Emergency Medicine', 1, '2026-01-13T01:24:00'),
(38, 38, 4, N'Emergency Medicine', 2, '2026-01-13T06:36:00'),
(39, 39, 5, N'Emergency Medicine', 3, '2026-01-13T10:48:00'),
(40, 40, 1, N'Emergency Medicine', 1, '2026-01-13T15:40:00'),
(41, 41, 2, N'Neurology', 2, '2026-01-13T20:52:00'),
(42, 42, 3, N'Orthopedics', 3, '2026-01-14T02:04:00'),
(43, 43, 4, N'General Surgery', 1, '2026-01-14T07:16:00'),
(44, 44, 5, N'Emergency Medicine', 2, '2026-01-14T11:28:00'),
(45, 45, 1, N'Emergency Medicine', 3, '2026-01-14T16:40:00'),
(46, 46, 2, N'Pulmonology', 1, '2026-01-14T21:52:00'),
(47, 47, 3, N'Emergency Medicine', 2, '2026-01-15T03:04:00'),
(48, 48, 4, N'Emergency Medicine', 3, '2026-01-15T08:16:00'),
(49, 49, 5, N'Emergency Medicine', 1, '2026-01-15T13:28:00'),
(50, 50, 1, N'Emergency Medicine', 2, '2026-01-15T17:40:00'),
(51, 51, 2, N'Neurology', 3, '2026-01-15T22:52:00'),
(52, 52, 3, N'Orthopedics', 1, '2026-01-16T04:04:00'),
(53, 53, 4, N'General Surgery', 2, '2026-01-16T09:16:00'),
(54, 54, 5, N'Emergency Medicine', 3, '2026-01-16T14:28:00'),
(55, 55, 1, N'Emergency Medicine', 1, '2026-01-16T18:40:00'),
(56, 56, 2, N'Pulmonology', 2, '2026-01-16T23:52:00'),
(57, 57, 3, N'Emergency Medicine', 3, '2026-01-17T05:04:00'),
(58, 58, 4, N'Emergency Medicine', 1, '2026-01-17T10:16:00'),
(59, 59, 5, N'Emergency Medicine', 2, '2026-01-17T15:28:00'),
(60, 60, 1, N'Emergency Medicine', 3, '2026-01-17T19:20:00'),
(61, 61, 2, N'Neurology', 1, '2026-01-18T00:32:00'),
(62, 62, 3, N'Orthopedics', 2, '2026-01-18T05:44:00'),
(63, 63, 4, N'General Surgery', 3, '2026-01-18T10:56:00'),
(64, 64, 5, N'Emergency Medicine', 1, '2026-01-18T16:08:00'),
(65, 65, 1, N'Emergency Medicine', 2, '2026-01-18T21:20:00'),
(66, 66, 2, N'Pulmonology', 3, '2026-01-19T01:32:00'),
(67, 67, 3, N'Emergency Medicine', 1, '2026-01-19T06:44:00'),
(68, 68, 4, N'Emergency Medicine', 2, '2026-01-19T11:56:00'),
(69, 69, 5, N'Emergency Medicine', 3, '2026-01-19T17:08:00'),
(70, 70, 1, N'Emergency Medicine', 1, '2026-01-19T22:20:00'),
(71, 71, 2, N'Neurology', 2, '2026-01-20T02:32:00'),
(72, 72, 3, N'Orthopedics', 3, '2026-01-20T07:44:00'),
(73, 73, 4, N'General Surgery', 1, '2026-01-20T12:56:00'),
(74, 74, 5, N'Emergency Medicine', 2, '2026-01-20T18:08:00'),
(75, 75, 1, N'Emergency Medicine', 3, '2026-01-20T23:20:00'),
(76, 76, 2, N'Pulmonology', 1, '2026-01-21T04:32:00'),
(77, 77, 3, N'Emergency Medicine', 2, '2026-01-21T08:44:00'),
(78, 78, 4, N'Emergency Medicine', 3, '2026-01-21T13:56:00'),
(79, 79, 5, N'Emergency Medicine', 1, '2026-01-21T19:08:00'),
(80, 80, 1, N'Emergency Medicine', 2, '2026-01-22T00:00:00'),
(81, 81, 2, N'Neurology', 3, '2026-01-22T05:12:00'),
(82, 82, 3, N'Orthopedics', 1, '2026-01-22T09:24:00'),
(83, 83, 4, N'General Surgery', 2, '2026-01-22T14:36:00'),
(84, 84, 5, N'Emergency Medicine', 3, '2026-01-22T19:48:00'),
(85, 85, 1, N'Emergency Medicine', 1, '2026-01-23T01:00:00'),
(86, 86, 2, N'Pulmonology', 2, '2026-01-23T06:12:00'),
(87, 87, 3, N'Emergency Medicine', 3, '2026-01-23T11:24:00'),
(88, 88, 4, N'Emergency Medicine', 1, '2026-01-23T15:36:00'),
(89, 89, 5, N'Emergency Medicine', 2, '2026-01-23T20:48:00'),
(90, 90, 1, N'Emergency Medicine', 3, '2026-01-24T02:00:00');
SET IDENTITY_INSERT [Triage] OFF;

INSERT INTO [Triage_Parameters] ([TriageId], [Consciousness], [Breathing], [Bleeding], [Injury_Type], [Pain_Level]) VALUES
(1, 1, 1, 1, 3, 3),
(2, 1, 1, 2, 1, 3),
(3, 2, 1, 2, 1, 3),
(4, 2, 1, 1, 1, 3),
(5, 1, 1, 3, 2, 1),
(6, 1, 2, 3, 2, 3),
(7, 2, 3, 2, 2, 1),
(8, 1, 1, 1, 3, 3),
(9, 2, 1, 3, 3, 3),
(10, 1, 3, 2, 1, 3),
(11, 1, 3, 1, 3, 2),
(12, 3, 2, 1, 3, 3),
(13, 3, 1, 1, 1, 2),
(14, 1, 1, 3, 1, 3),
(15, 3, 2, 1, 3, 3),
(16, 1, 1, 1, 1, 3),
(17, 1, 3, 1, 1, 1),
(18, 2, 1, 2, 3, 3),
(19, 2, 2, 3, 1, 1),
(20, 2, 3, 3, 3, 2),
(21, 1, 1, 3, 1, 3),
(22, 1, 1, 1, 1, 3),
(23, 1, 1, 2, 3, 3),
(24, 3, 1, 1, 1, 3),
(25, 2, 1, 1, 3, 3),
(26, 1, 1, 3, 2, 3),
(27, 1, 2, 3, 3, 3),
(28, 3, 1, 2, 3, 3),
(29, 3, 1, 3, 1, 3),
(30, 3, 2, 1, 1, 3),
(31, 1, 1, 2, 1, 2),
(32, 2, 1, 2, 1, 3),
(33, 1, 1, 3, 3, 2),
(34, 1, 1, 3, 3, 3),
(35, 2, 3, 1, 2, 3),
(36, 1, 2, 1, 2, 3),
(37, 3, 3, 1, 3, 3),
(38, 2, 1, 1, 1, 1),
(39, 1, 2, 2, 1, 2),
(40, 2, 1, 3, 2, 3),
(41, 1, 3, 2, 1, 3),
(42, 1, 1, 3, 1, 3),
(43, 1, 1, 2, 1, 3),
(44, 1, 1, 2, 1, 3),
(45, 1, 2, 3, 2, 3),
(46, 1, 1, 1, 1, 2),
(47, 2, 1, 1, 1, 3),
(48, 2, 1, 2, 3, 3),
(49, 1, 2, 2, 1, 3),
(50, 1, 1, 1, 3, 3),
(51, 1, 3, 1, 3, 1),
(52, 3, 3, 3, 3, 3),
(53, 1, 1, 2, 1, 3),
(54, 1, 3, 2, 1, 2),
(55, 1, 1, 2, 3, 2),
(56, 1, 1, 3, 3, 3),
(57, 2, 1, 2, 1, 3),
(58, 1, 1, 2, 3, 1),
(59, 2, 2, 2, 3, 3),
(60, 1, 1, 2, 1, 3),
(61, 1, 1, 2, 3, 1),
(62, 3, 2, 1, 1, 3),
(63, 1, 1, 2, 1, 2),
(64, 3, 1, 3, 1, 3),
(65, 2, 1, 1, 3, 3),
(66, 1, 3, 2, 3, 2),
(67, 2, 1, 1, 3, 3),
(68, 3, 1, 1, 3, 3),
(69, 1, 1, 1, 1, 2),
(70, 2, 1, 3, 3, 3),
(71, 1, 1, 1, 3, 3),
(72, 1, 3, 1, 3, 3),
(73, 1, 1, 3, 2, 1),
(74, 2, 1, 1, 1, 3),
(75, 3, 3, 3, 1, 3),
(76, 2, 1, 1, 1, 3),
(77, 1, 2, 2, 2, 3),
(78, 1, 1, 3, 1, 3),
(79, 2, 1, 1, 3, 3),
(80, 2, 3, 3, 3, 1),
(81, 1, 2, 1, 3, 1),
(82, 2, 3, 1, 3, 3),
(83, 2, 3, 1, 1, 1),
(84, 1, 1, 2, 2, 2),
(85, 2, 1, 2, 1, 3),
(86, 3, 3, 1, 1, 1),
(87, 3, 3, 3, 2, 2),
(88, 3, 2, 3, 2, 1),
(89, 2, 1, 2, 2, 3),
(90, 1, 1, 1, 2, 3);

SET IDENTITY_INSERT [Examination] ON;
INSERT INTO [Examination] ([Exam_ID], [Visit_ID], [Doctor_ID], [Exam_Time], [Room_ID], [Notes]) VALUES
(1, 1, 103, '2026-01-05T13:02:00', 2, N'Requires follow-up imaging.'),
(2, 2, 104, '2026-01-05T18:14:00', 3, N'Medication administered; monitor response.'),
(3, 3, 105, '2026-01-05T23:26:00', 4, N'Vitals improving.'),
(4, 4, 106, '2026-01-06T04:38:00', 5, N'Recommended admission for observation.'),
(5, 5, 102, '2026-01-06T09:50:00', 6, N'Discharged with instructions.'),
(6, 6, 103, '2026-01-06T14:02:00', 7, N'Specialist consultation requested.'),
(7, 7, 104, '2026-01-06T19:14:00', 8, N'Wound cleaned and dressed.'),
(8, 8, 105, '2026-01-07T00:26:00', 9, N'Lab results pending.'),
(9, 9, 106, '2026-01-07T05:38:00', 10, N'Pain controlled.'),
(10, 10, 102, '2026-01-07T10:50:00', 11, N'Patient stable after initial assessment.'),
(11, 11, 103, '2026-01-07T15:02:00', 12, N'Requires follow-up imaging.'),
(12, 12, 104, '2026-01-07T20:14:00', 13, N'Medication administered; monitor response.'),
(13, 13, 105, '2026-01-08T01:26:00', 14, N'Vitals improving.'),
(14, 14, 106, '2026-01-08T06:38:00', 15, N'Recommended admission for observation.'),
(15, 15, 102, '2026-01-08T11:50:00', 16, N'Discharged with instructions.'),
(16, 16, 103, '2026-01-08T17:02:00', 17, N'Specialist consultation requested.'),
(17, 17, 104, '2026-01-08T21:14:00', 18, N'Wound cleaned and dressed.'),
(18, 18, 102, '2026-01-09T02:26:00', 19, N'Lab results pending.'),
(19, 19, 103, '2026-01-09T07:38:00', 20, N'Pain controlled.'),
(20, 20, 104, '2026-01-09T12:50:00', 1, N'Patient stable after initial assessment.'),
(21, 21, 105, '2026-01-09T18:02:00', 2, N'Requires follow-up imaging.'),
(22, 22, 106, '2026-01-09T22:14:00', 3, N'Medication administered; monitor response.'),
(23, 23, 102, '2026-01-10T03:26:00', 4, N'Vitals improving.'),
(24, 24, 103, '2026-01-10T08:38:00', 5, N'Recommended admission for observation.'),
(25, 25, 104, '2026-01-10T13:50:00', 6, N'Discharged with instructions.'),
(26, 26, 105, '2026-01-10T19:02:00', 7, N'Specialist consultation requested.'),
(27, 27, 106, '2026-01-11T00:14:00', 8, N'Wound cleaned and dressed.'),
(28, 28, 102, '2026-01-11T04:26:00', 9, N'Lab results pending.'),
(29, 29, 103, '2026-01-11T09:38:00', 10, N'Pain controlled.'),
(30, 30, 104, '2026-01-11T14:50:00', 11, N'Patient stable after initial assessment.'),
(31, 31, 105, '2026-01-11T20:02:00', 12, N'Requires follow-up imaging.'),
(32, 32, 106, '2026-01-12T01:14:00', 13, N'Medication administered; monitor response.'),
(33, 33, 102, '2026-01-12T05:26:00', 14, N'Vitals improving.'),
(34, 34, 103, '2026-01-12T10:38:00', 15, N'Recommended admission for observation.'),
(35, 35, 104, '2026-01-12T15:50:00', 16, N'Discharged with instructions.'),
(36, 36, 102, '2026-01-12T21:02:00', 17, N'Specialist consultation requested.'),
(37, 37, 103, '2026-01-13T02:14:00', 18, N'Wound cleaned and dressed.'),
(38, 38, 104, '2026-01-13T07:26:00', 19, N'Lab results pending.'),
(39, 39, 105, '2026-01-13T11:38:00', 20, N'Pain controlled.'),
(40, 40, 106, '2026-01-13T16:10:00', 1, N'Patient stable after initial assessment.'),
(41, 41, 102, '2026-01-13T21:22:00', 2, N'Requires follow-up imaging.'),
(42, 42, 103, '2026-01-14T02:34:00', 3, N'Medication administered; monitor response.'),
(43, 43, 104, '2026-01-14T07:46:00', 4, N'Vitals improving.'),
(44, 44, 105, '2026-01-14T11:58:00', 5, N'Recommended admission for observation.'),
(45, 45, 106, '2026-01-14T17:10:00', 6, N'Discharged with instructions.'),
(46, 46, 102, '2026-01-14T22:22:00', 7, N'Specialist consultation requested.'),
(47, 47, 103, '2026-01-15T03:34:00', 8, N'Wound cleaned and dressed.'),
(48, 48, 104, '2026-01-15T08:46:00', 9, N'Lab results pending.'),
(49, 49, 105, '2026-01-15T13:58:00', 10, N'Pain controlled.'),
(50, 50, 106, '2026-01-15T18:10:00', 11, N'Patient stable after initial assessment.'),
(51, 51, 102, '2026-01-15T23:22:00', 12, N'Requires follow-up imaging.'),
(52, 52, 103, '2026-01-16T04:34:00', 13, N'Medication administered; monitor response.'),
(53, 53, 104, '2026-01-16T09:46:00', 14, N'Vitals improving.'),
(54, 54, 102, '2026-01-16T14:58:00', 15, N'Recommended admission for observation.'),
(55, 55, 103, '2026-01-16T19:10:00', 16, N'Discharged with instructions.'),
(56, 56, 104, '2026-01-17T00:22:00', 17, N'Specialist consultation requested.'),
(57, 57, 105, '2026-01-17T05:34:00', 18, N'Wound cleaned and dressed.'),
(58, 58, 106, '2026-01-17T10:46:00', 19, N'Lab results pending.'),
(59, 59, 102, '2026-01-17T15:58:00', 20, N'Pain controlled.'),
(60, 60, 103, '2026-01-17T20:10:00', 1, N'Patient stable after initial assessment.'),
(61, 61, 104, '2026-01-18T01:22:00', 2, N'Requires follow-up imaging.'),
(62, 62, 105, '2026-01-18T06:34:00', 3, N'Medication administered; monitor response.'),
(63, 63, 106, '2026-01-18T11:46:00', 4, N'Vitals improving.'),
(64, 64, 102, '2026-01-18T16:58:00', 5, N'Recommended admission for observation.'),
(65, 65, 103, '2026-01-18T22:10:00', 6, N'Discharged with instructions.'),
(66, 66, 104, '2026-01-19T02:22:00', 7, N'Specialist consultation requested.'),
(67, 67, 105, '2026-01-19T07:34:00', 8, N'Wound cleaned and dressed.'),
(68, 68, 106, '2026-01-19T12:46:00', 9, N'Lab results pending.'),
(69, 69, 102, '2026-01-19T17:58:00', 10, N'Pain controlled.'),
(70, 70, 103, '2026-01-19T23:10:00', 11, N'Patient stable after initial assessment.'),
(71, 71, 104, '2026-01-20T03:22:00', 12, N'Requires follow-up imaging.'),
(72, 72, 102, '2026-01-20T08:34:00', 13, N'Medication administered; monitor response.'),
(73, 73, 103, '2026-01-20T13:46:00', 14, N'Vitals improving.'),
(74, 74, 104, '2026-01-20T18:58:00', 15, N'Recommended admission for observation.'),
(75, 75, 105, '2026-01-21T00:10:00', 16, N'Discharged with instructions.'),
(76, 76, 106, '2026-01-21T05:22:00', 17, N'Specialist consultation requested.'),
(77, 77, 102, '2026-01-21T09:34:00', 18, N'Wound cleaned and dressed.'),
(78, 78, 103, '2026-01-21T14:46:00', 19, N'Lab results pending.'),
(79, 79, 104, '2026-01-21T19:58:00', 20, N'Pain controlled.'),
(80, 80, 105, '2026-01-22T00:30:00', 1, N'Patient stable after initial assessment.');
SET IDENTITY_INSERT [Examination] OFF;


SET IDENTITY_INSERT [Transplants] ON;
INSERT INTO [Transplants] ([TransplantID], [ReceiverID], [DonorID], [OrganType], [RequestDate], [TransplantDate], [Status], [CompatibilityScore]) VALUES
(1, 3, 8, N'Liver', '2025-09-07T00:00:00', NULL, N'Matching', 64.73),
(2, 5, 15, N'Heart', '2025-09-13T00:00:00', NULL, N'Scheduled', 65.82),
(3, 7, 22, N'Lung', '2025-09-19T00:00:00', '2025-10-22T00:00:00', N'Completed', 97.94),
(4, 9, NULL, N'Pancreas', '2025-09-25T00:00:00', NULL, N'Cancelled', 76.23),
(5, 11, 36, N'Cornea', '2025-10-01T00:00:00', '2025-11-05T00:00:00', N'Requested', 64.12),
(6, 13, 43, N'Bone marrow', '2025-10-07T00:00:00', NULL, N'Matching', 67.69),
(7, 15, 50, N'Kidney', '2025-10-13T00:00:00', NULL, N'Scheduled', 59.58),
(8, 17, NULL, N'Liver', '2025-10-19T00:00:00', '2025-11-26T00:00:00', N'Completed', 47.56),
(9, 19, 4, N'Heart', '2025-10-25T00:00:00', NULL, N'Cancelled', 50.39),
(10, 21, 11, N'Lung', '2025-10-31T00:00:00', '2025-12-10T00:00:00', N'Requested', 89.24),
(11, 23, 18, N'Pancreas', '2025-11-06T00:00:00', NULL, N'Matching', 60.14),
(12, 25, NULL, N'Cornea', '2025-11-12T00:00:00', NULL, N'Scheduled', 94.59),
(13, 27, 32, N'Bone marrow', '2025-11-18T00:00:00', '2025-12-31T00:00:00', N'Completed', 58.21),
(14, 29, 39, N'Kidney', '2025-11-24T00:00:00', NULL, N'Cancelled', 59.08),
(15, 31, 46, N'Liver', '2025-11-30T00:00:00', '2026-01-14T00:00:00', N'Requested', 72.08),
(16, 33, NULL, N'Heart', '2025-12-06T00:00:00', NULL, N'Matching', 55.06),
(17, 35, 60, N'Lung', '2025-12-12T00:00:00', NULL, N'Scheduled', 64.79),
(18, 37, 7, N'Pancreas', '2025-12-18T00:00:00', '2026-02-04T00:00:00', N'Completed', 95.68),
(19, 39, 14, N'Cornea', '2025-12-24T00:00:00', NULL, N'Cancelled', 91.87),
(20, 41, NULL, N'Bone marrow', '2025-12-30T00:00:00', '2026-02-18T00:00:00', N'Requested', 88.03),
(21, 43, 28, N'Kidney', '2026-01-05T00:00:00', NULL, N'Matching', 78.44),
(22, 45, 35, N'Liver', '2026-01-11T00:00:00', NULL, N'Scheduled', 93.41),
(23, 47, 42, N'Heart', '2026-01-17T00:00:00', '2026-03-11T00:00:00', N'Completed', 94.86),
(24, 49, NULL, N'Lung', '2026-01-23T00:00:00', NULL, N'Cancelled', 74.11),
(25, 51, 56, N'Pancreas', '2026-01-29T00:00:00', '2026-03-25T00:00:00', N'Requested', 83.14),
(26, 53, 3, N'Cornea', '2026-02-04T00:00:00', NULL, N'Matching', 47.62),
(27, 55, 10, N'Bone marrow', '2026-02-10T00:00:00', NULL, N'Scheduled', 83.81),
(28, 57, NULL, N'Kidney', '2026-02-16T00:00:00', '2026-04-15T00:00:00', N'Completed', 68.9),
(29, 59, 24, N'Liver', '2026-02-22T00:00:00', NULL, N'Cancelled', 84.89),
(30, 1, 31, N'Heart', '2026-02-28T00:00:00', '2026-04-29T00:00:00', N'Requested', 79.16);
SET IDENTITY_INSERT [Transplants] OFF;

SET IDENTITY_INSERT [Transfer_Log] ON;
INSERT INTO [Transfer_Log] ([Transfer_ID], [Visit_ID], [Transfer_Time], [Target_System], [FilePath], [Status]) VALUES
(1, 2, '2026-01-05T19:37:00', N'SurgerySystem', N'C:\\HospitalTransfers\\visit_2.json', N'SUCCESS'),
(2, 4, '2026-01-06T05:59:00', N'ICUSystem', N'C:\\HospitalTransfers\\visit_4.json', N'FAILED'),
(3, 6, '2026-01-06T15:21:00', N'TransplantRegistry', NULL, N'SUCCESS'),
(4, 8, '2026-01-07T01:43:00', N'RadiologySystem', N'C:\\HospitalTransfers\\visit_8.json', N'RETRYING'),
(5, 10, '2026-01-07T12:05:00', N'ExternalHospital', N'C:\\HospitalTransfers\\visit_10.json', N'SUCCESS'),
(6, 12, '2026-01-07T21:27:00', N'CardiologySystem', NULL, N'FAILED'),
(7, 14, '2026-01-08T07:49:00', N'SurgerySystem', N'C:\\HospitalTransfers\\visit_14.json', N'SUCCESS'),
(8, 16, '2026-01-08T18:11:00', N'ICUSystem', N'C:\\HospitalTransfers\\visit_16.json', N'RETRYING'),
(9, 18, '2026-01-09T03:33:00', N'TransplantRegistry', NULL, N'SUCCESS'),
(10, 20, '2026-01-09T13:55:00', N'RadiologySystem', N'C:\\HospitalTransfers\\visit_20.json', N'FAILED'),
(11, 22, '2026-01-09T23:17:00', N'ExternalHospital', N'C:\\HospitalTransfers\\visit_22.json', N'SUCCESS'),
(12, 24, '2026-01-10T09:39:00', N'CardiologySystem', NULL, N'RETRYING'),
(13, 26, '2026-01-10T20:01:00', N'SurgerySystem', N'C:\\HospitalTransfers\\visit_26.json', N'SUCCESS'),
(14, 28, '2026-01-11T05:23:00', N'ICUSystem', N'C:\\HospitalTransfers\\visit_28.json', N'FAILED'),
(15, 30, '2026-01-11T15:45:00', N'TransplantRegistry', NULL, N'SUCCESS'),
(16, 32, '2026-01-12T02:07:00', N'RadiologySystem', N'C:\\HospitalTransfers\\visit_32.json', N'RETRYING'),
(17, 34, '2026-01-12T11:29:00', N'ExternalHospital', N'C:\\HospitalTransfers\\visit_34.json', N'SUCCESS'),
(18, 36, '2026-01-12T21:51:00', N'CardiologySystem', NULL, N'FAILED'),
(19, 38, '2026-01-13T08:13:00', N'SurgerySystem', N'C:\\HospitalTransfers\\visit_38.json', N'SUCCESS'),
(20, 40, '2026-01-13T17:35:00', N'ICUSystem', N'C:\\HospitalTransfers\\visit_40.json', N'RETRYING'),
(21, 42, '2026-01-14T03:57:00', N'TransplantRegistry', NULL, N'SUCCESS'),
(22, 44, '2026-01-14T13:19:00', N'RadiologySystem', N'C:\\HospitalTransfers\\visit_44.json', N'FAILED'),
(23, 46, '2026-01-14T23:41:00', N'ExternalHospital', N'C:\\HospitalTransfers\\visit_46.json', N'SUCCESS'),
(24, 48, '2026-01-15T10:03:00', N'CardiologySystem', NULL, N'RETRYING'),
(25, 50, '2026-01-15T19:25:00', N'SurgerySystem', N'C:\\HospitalTransfers\\visit_50.json', N'SUCCESS'),
(26, 52, '2026-01-16T05:47:00', N'ICUSystem', N'C:\\HospitalTransfers\\visit_52.json', N'FAILED'),
(27, 54, '2026-01-16T16:09:00', N'TransplantRegistry', NULL, N'SUCCESS'),
(28, 56, '2026-01-17T01:31:00', N'RadiologySystem', N'C:\\HospitalTransfers\\visit_56.json', N'RETRYING'),
(29, 58, '2026-01-17T11:53:00', N'ExternalHospital', N'C:\\HospitalTransfers\\visit_58.json', N'SUCCESS'),
(30, 60, '2026-01-17T21:15:00', N'CardiologySystem', NULL, N'FAILED'),
(31, 62, '2026-01-18T07:37:00', N'SurgerySystem', N'C:\\HospitalTransfers\\visit_62.json', N'SUCCESS'),
(32, 64, '2026-01-18T17:59:00', N'ICUSystem', N'C:\\HospitalTransfers\\visit_64.json', N'RETRYING'),
(33, 66, '2026-01-19T03:21:00', N'TransplantRegistry', NULL, N'SUCCESS'),
(34, 68, '2026-01-19T13:43:00', N'RadiologySystem', N'C:\\HospitalTransfers\\visit_68.json', N'FAILED'),
(35, 70, '2026-01-20T00:05:00', N'ExternalHospital', N'C:\\HospitalTransfers\\visit_70.json', N'SUCCESS'),
(36, 72, '2026-01-20T09:27:00', N'CardiologySystem', NULL, N'RETRYING'),
(37, 74, '2026-01-20T19:49:00', N'SurgerySystem', N'C:\\HospitalTransfers\\visit_74.json', N'SUCCESS'),
(38, 76, '2026-01-21T06:11:00', N'ICUSystem', N'C:\\HospitalTransfers\\visit_76.json', N'FAILED'),
(39, 78, '2026-01-21T15:33:00', N'TransplantRegistry', NULL, N'SUCCESS'),
(40, 80, '2026-01-22T01:55:00', N'RadiologySystem', N'C:\\HospitalTransfers\\visit_80.json', N'RETRYING');
SET IDENTITY_INSERT [Transfer_Log] OFF;

;WITH PatientPool AS
(
    SELECT
        [CNP],
        ROW_NUMBER() OVER (ORDER BY [PatientID]) AS [RN]
    FROM [Patient]
),
VisitPatientMap AS
(
    SELECT
        visit.[Visit_ID],
        pool.[CNP]
    FROM [ER_Visit] visit
    JOIN PatientPool pool
        ON pool.[RN] = ((visit.[Visit_ID] - 1) % (SELECT COUNT(*) FROM PatientPool)) + 1
)
UPDATE visit
SET visit.[Patient_ID] = map.[CNP]
FROM [ER_Visit] visit
JOIN VisitPatientMap map
    ON map.[Visit_ID] = visit.[Visit_ID];


SET IDENTITY_INSERT [MedicalHistory] ON;
INSERT INTO [MedicalHistory] ([HistoryID], [PatientID], [BloodType], [RH], [ChronicConditions]) VALUES
(1, 1, N'B', N'-', N'Hypertension'),
(2, 2, N'AB', N'+', N'Diabetes type 2'),
(3, 3, N'O', N'-', N'Asthma'),
(4, 4, N'A', N'+', N'Chronic kidney disease'),
(5, 5, N'B', N'-', N'Coronary artery disease'),
(6, 6, N'AB', N'+', N'Epilepsy'),
(7, 7, N'O', N'-', N'COPD'),
(8, 8, N'A', N'+', N'Hypothyroidism'),
(9, 9, N'B', N'-', N'Rheumatoid arthritis'),
(10, 10, N'AB', N'+', N'Migraine'),
(11, 11, N'O', N'-', N'Anemia'),
(12, 12, N'A', N'+', N'None'),
(13, 13, N'B', N'-', N'Hypertension'),
(14, 14, N'AB', N'+', N'Diabetes type 2'),
(15, 15, N'O', N'-', N'Asthma'),
(16, 16, N'A', N'+', N'Chronic kidney disease'),
(17, 17, N'B', N'-', N'Coronary artery disease'),
(18, 18, N'AB', N'+', N'Epilepsy'),
(19, 19, N'O', N'-', N'COPD'),
(20, 20, N'A', N'+', N'Hypothyroidism'),
(21, 21, N'B', N'-', N'Rheumatoid arthritis'),
(22, 22, N'AB', N'+', N'Migraine'),
(23, 23, N'O', N'-', N'Anemia'),
(24, 24, N'A', N'+', N'None'),
(25, 25, N'B', N'-', N'Hypertension'),
(26, 26, N'AB', N'+', N'Diabetes type 2'),
(27, 27, N'O', N'-', N'Asthma'),
(28, 28, N'A', N'+', N'Chronic kidney disease'),
(29, 29, N'B', N'-', N'Coronary artery disease'),
(30, 30, N'AB', N'+', N'Epilepsy'),
(31, 31, N'O', N'-', N'COPD'),
(32, 32, N'A', N'+', N'Hypothyroidism'),
(33, 33, N'B', N'-', N'Rheumatoid arthritis'),
(34, 34, N'AB', N'+', N'Migraine'),
(35, 35, N'O', N'-', N'Anemia'),
(36, 36, N'A', N'+', N'None'),
(37, 37, N'B', N'-', N'Hypertension'),
(38, 38, N'AB', N'+', N'Diabetes type 2'),
(39, 39, N'O', N'-', N'Asthma'),
(40, 40, N'A', N'+', N'Chronic kidney disease'),
(41, 41, N'B', N'-', N'Coronary artery disease'),
(42, 42, N'AB', N'+', N'Epilepsy'),
(43, 43, N'O', N'-', N'COPD'),
(44, 44, N'A', N'+', N'Hypothyroidism'),
(45, 45, N'B', N'-', N'Rheumatoid arthritis'),
(46, 46, N'AB', N'+', N'Migraine'),
(47, 47, N'O', N'-', N'Anemia'),
(48, 48, N'A', N'+', N'None'),
(49, 49, N'B', N'-', N'Hypertension'),
(50, 50, N'AB', N'+', N'Diabetes type 2'),
(51, 51, N'O', N'-', N'Asthma'),
(52, 52, N'A', N'+', N'Chronic kidney disease'),
(53, 53, N'B', N'-', N'Coronary artery disease'),
(54, 54, N'AB', N'+', N'Epilepsy'),
(55, 55, N'O', N'-', N'COPD'),
(56, 56, N'A', N'+', N'Hypothyroidism'),
(57, 57, N'B', N'-', N'Rheumatoid arthritis'),
(58, 58, N'AB', N'+', N'Migraine'),
(59, 59, N'O', N'-', N'Anemia'),
(60, 60, N'A', N'+', N'None');
SET IDENTITY_INSERT [MedicalHistory] OFF;

INSERT INTO [PatientAllergies] ([HistoryID], [AllergyID], [SeverityLevel]) VALUES
(1, 1, N'Severe'),
(4, 1, N'Moderate'),
(13, 1, N'Severe'),
(16, 1, N'Moderate'),
(55, 1, N'Mild'),
(9, 2, N'Critical'),
(49, 2, N'Critical'),
(50, 2, N'Mild'),
(59, 2, N'Moderate'),
(1, 3, N'Mild'),
(7, 3, N'Severe'),
(16, 3, N'Critical'),
(36, 3, N'Critical'),
(44, 4, N'Mild'),
(49, 4, N'Moderate'),
(51, 4, N'Critical'),
(1, 5, N'Severe'),
(15, 5, N'Mild'),
(20, 5, N'Moderate'),
(28, 5, N'Moderate'),
(8, 6, N'Severe'),
(9, 6, N'Critical'),
(42, 6, N'Mild'),
(5, 7, N'Mild'),
(32, 7, N'Critical'),
(36, 7, N'Critical'),
(38, 7, N'Moderate'),
(41, 7, N'Mild'),
(21, 8, N'Moderate'),
(29, 8, N'Moderate'),
(36, 8, N'Mild'),
(54, 8, N'Severe'),
(58, 8, N'Severe'),
(6, 9, N'Critical'),
(20, 9, N'Moderate'),
(24, 9, N'Moderate'),
(25, 9, N'Severe'),
(30, 9, N'Critical'),
(32, 9, N'Moderate'),
(41, 9, N'Severe'),
(42, 9, N'Critical'),
(16, 10, N'Severe'),
(22, 10, N'Mild'),
(28, 10, N'Severe'),
(35, 10, N'Moderate'),
(42, 10, N'Mild'),
(52, 10, N'Severe'),
(12, 11, N'Critical'),
(18, 11, N'Moderate'),
(29, 11, N'Mild'),
(27, 12, N'Critical'),
(28, 12, N'Mild'),
(37, 12, N'Moderate'),
(14, 13, N'Critical'),
(25, 13, N'Severe'),
(43, 13, N'Mild'),
(44, 13, N'Moderate'),
(25, 14, N'Critical'),
(31, 14, N'Moderate'),
(42, 14, N'Mild'),
(48, 14, N'Severe'),
(42, 15, N'Moderate'),
(49, 15, N'Mild'),
(55, 15, N'Severe'),
(58, 15, N'Moderate'),
(13, 16, N'Moderate'),
(15, 16, N'Critical'),
(19, 16, N'Critical'),
(33, 16, N'Moderate'),
(38, 16, N'Severe'),
(49, 16, N'Moderate'),
(10, 17, N'Critical'),
(20, 17, N'Moderate'),
(26, 17, N'Critical'),
(31, 17, N'Mild'),
(33, 17, N'Severe'),
(48, 17, N'Moderate'),
(4, 18, N'Severe'),
(6, 18, N'Mild'),
(16, 18, N'Severe'),
(31, 18, N'Moderate'),
(15, 19, N'Severe'),
(52, 19, N'Critical'),
(15, 20, N'Critical'),
(21, 21, N'Severe'),
(26, 21, N'Critical'),
(34, 21, N'Critical'),
(45, 21, N'Severe'),
(9, 22, N'Critical'),
(15, 22, N'Moderate'),
(57, 22, N'Critical'),
(3, 23, N'Severe'),
(22, 23, N'Moderate'),
(27, 23, N'Severe'),
(28, 23, N'Critical'),
(42, 23, N'Moderate'),
(48, 24, N'Mild'),
(53, 24, N'Moderate'),
(20, 25, N'Moderate'),
(55, 25, N'Mild');

SET IDENTITY_INSERT [MedicalRecord] ON;
INSERT INTO [MedicalRecord] ([RecordID], [HistoryID], [SourceType], [SourceID], [StaffID], [Symptoms], [Diagnosis], [ConsultationDate], [BasePrice], [FinalPrice], [DiscountApplied], [PoliceNotified], [TransplantID]) VALUES
(1, 2, N'Consultation', 1, 201, N'Chest pain, sweating', N'Angina observation', '2026-01-11T00:00:00', 600.00, 600.00, 0, 0, NULL),
(2, 3, N'Lab', 2, 202, N'Cough, dyspnea', N'Bronchitis', '2026-01-12T00:00:00', 150.00, 135.00, 10, 0, NULL),
(3, 4, N'Imaging', 3, 203, N'Abdominal pain, nausea', N'Gastritis', '2026-01-13T00:00:00', 150.00, 142.50, 5, 0, NULL),
(4, 5, N'Transplant', 4, 204, N'Headache, dizziness', N'Migraine', '2026-01-14T00:00:00', 600.00, 570.00, 5, 0, NULL),
(5, 6, N'FollowUp', 5, 205, N'Joint pain', N'Sprain', '2026-01-15T00:00:00', 120.00, 102.00, 15, 0, NULL),
(6, 7, N'ER', 6, 206, N'Skin rash', N'Allergic dermatitis', '2026-01-16T00:00:00', 250.00, 212.50, 15, 0, NULL),
(7, 8, N'Consultation', 7, 207, N'Back pain', N'Lumbar strain', '2026-01-17T00:00:00', 150.00, 150.00, 0, 0, NULL),
(8, 9, N'Lab', 8, 208, N'Palpitations', N'Arrhythmia under evaluation', '2026-01-18T00:00:00', 250.00, 225.00, 10, 0, NULL),
(9, 10, N'Imaging', 9, 209, N'Vomiting', N'Dehydration', '2026-01-19T00:00:00', 450.00, 450.00, NULL, 0, NULL),
(10, 11, N'Transplant', 10, 210, N'Fever, fatigue', N'Viral infection', '2026-01-20T00:00:00', 300.00, 300.00, 0, 0, NULL),
(11, 12, N'FollowUp', 11, 211, N'Chest pain, sweating', N'Angina observation', '2026-01-21T00:00:00', 250.00, 250.00, NULL, 0, NULL),
(12, 13, N'ER', 12, 212, N'Cough, dyspnea', N'Bronchitis', '2026-01-22T00:00:00', 150.00, 150.00, NULL, 0, NULL),
(13, 14, N'Consultation', 13, 213, N'Abdominal pain, nausea', N'Gastritis', '2026-01-23T00:00:00', 300.00, 300.00, 0, 0, NULL),
(14, 15, N'Lab', 14, 214, N'Headache, dizziness', N'Migraine', '2026-01-24T00:00:00', 250.00, 250.00, NULL, 0, NULL),
(15, 16, N'Imaging', 15, 215, N'Joint pain', N'Sprain', '2026-01-25T00:00:00', 450.00, 450.00, NULL, 0, NULL),
(16, 17, N'Transplant', 16, 216, N'Skin rash', N'Allergic dermatitis', '2026-01-26T00:00:00', 150.00, 135.00, 10, 0, NULL),
(17, 18, N'FollowUp', 17, 217, N'Back pain', N'Lumbar strain', '2026-01-27T00:00:00', 250.00, 200.00, 20, 0, 18),
(18, 19, N'ER', 18, 218, N'Palpitations', N'Arrhythmia under evaluation', '2026-01-28T00:00:00', 200.00, 160.00, 20, 0, NULL),
(19, 20, N'Consultation', 19, 219, N'Vomiting', N'Dehydration', '2026-01-29T00:00:00', 120.00, 120.00, NULL, 0, NULL),
(20, 21, N'Lab', 20, 220, N'Fever, fatigue', N'Viral infection', '2026-01-30T00:00:00', 150.00, 142.50, 5, 0, NULL),
(21, 22, N'Imaging', 21, 221, N'Chest pain, sweating', N'Angina observation', '2026-01-31T00:00:00', 150.00, 150.00, 0, 0, NULL),
(22, 23, N'Transplant', 22, 222, N'Cough, dyspnea', N'Bronchitis', '2026-02-01T00:00:00', 450.00, 382.50, 15, 0, NULL),
(23, 24, N'FollowUp', 23, 223, N'Abdominal pain, nausea', N'Gastritis', '2026-02-02T00:00:00', 450.00, 405.00, 10, 0, NULL),
(24, 25, N'ER', 24, 224, N'Headache, dizziness', N'Migraine', '2026-02-03T00:00:00', 120.00, 114.00, 5, 0, NULL),
(25, 26, N'Consultation', 25, 200, N'Joint pain', N'Sprain', '2026-02-04T00:00:00', 450.00, 360.00, 20, 0, NULL),
(26, 27, N'Lab', 26, 201, N'Skin rash', N'Allergic dermatitis', '2026-02-05T00:00:00', 250.00, 237.50, 5, 0, NULL),
(27, 28, N'Imaging', 27, 202, N'Back pain', N'Lumbar strain', '2026-02-06T00:00:00', 200.00, 180.00, 10, 0, NULL),
(28, 29, N'Transplant', 28, 203, N'Palpitations', N'Arrhythmia under evaluation', '2026-02-07T00:00:00', 150.00, 150.00, NULL, 0, NULL),
(29, 30, N'FollowUp', 29, 204, N'Vomiting', N'Dehydration', '2026-02-08T00:00:00', 120.00, 120.00, NULL, 1, NULL),
(30, 31, N'ER', 30, 205, N'Fever, fatigue', N'Viral infection', '2026-02-09T00:00:00', 200.00, 200.00, NULL, 0, NULL),
(31, 32, N'Consultation', 31, 206, N'Chest pain, sweating', N'Angina observation', '2026-02-10T00:00:00', 200.00, 180.00, 10, 0, NULL),
(32, 33, N'Lab', 32, 207, N'Cough, dyspnea', N'Bronchitis', '2026-02-11T00:00:00', 120.00, 102.00, 15, 0, NULL),
(33, 34, N'Imaging', 33, 208, N'Abdominal pain, nausea', N'Gastritis', '2026-02-12T00:00:00', 600.00, 600.00, 0, 0, NULL),
(34, 35, N'Transplant', 34, 209, N'Headache, dizziness', N'Migraine', '2026-02-13T00:00:00', 250.00, 237.50, 5, 0, 5),
(35, 36, N'FollowUp', 35, 210, N'Joint pain', N'Sprain', '2026-02-14T00:00:00', 600.00, 570.00, 5, 0, NULL),
(36, 37, N'ER', 36, 211, N'Skin rash', N'Allergic dermatitis', '2026-02-15T00:00:00', 600.00, 540.00, 10, 0, NULL),
(37, 38, N'Consultation', 37, 212, N'Back pain', N'Lumbar strain', '2026-02-16T00:00:00', 120.00, 120.00, NULL, 0, NULL),
(38, 39, N'Lab', 38, 213, N'Palpitations', N'Arrhythmia under evaluation', '2026-02-17T00:00:00', 450.00, 405.00, 10, 0, NULL),
(39, 40, N'Imaging', 39, 214, N'Vomiting', N'Dehydration', '2026-02-18T00:00:00', 150.00, 142.50, 5, 0, NULL),
(40, 41, N'Transplant', 40, 215, N'Fever, fatigue', N'Viral infection', '2026-02-19T00:00:00', 300.00, 270.00, 10, 0, NULL),
(41, 42, N'FollowUp', 41, 216, N'Chest pain, sweating', N'Angina observation', '2026-02-20T00:00:00', 150.00, 142.50, 5, 0, NULL),
(42, 43, N'ER', 42, 217, N'Cough, dyspnea', N'Bronchitis', '2026-02-21T00:00:00', 200.00, 160.00, 20, 0, NULL),
(43, 44, N'Consultation', 43, 218, N'Abdominal pain, nausea', N'Gastritis', '2026-02-22T00:00:00', 250.00, 250.00, NULL, 0, NULL),
(44, 45, N'Lab', 44, 219, N'Headache, dizziness', N'Migraine', '2026-02-23T00:00:00', 450.00, 405.00, 10, 0, NULL),
(45, 46, N'Imaging', 45, 220, N'Joint pain', N'Sprain', '2026-02-24T00:00:00', 150.00, 120.00, 20, 0, NULL),
(46, 47, N'Transplant', 46, 221, N'Skin rash', N'Allergic dermatitis', '2026-02-25T00:00:00', 600.00, 540.00, 10, 0, NULL),
(47, 48, N'FollowUp', 47, 222, N'Back pain', N'Lumbar strain', '2026-02-26T00:00:00', 120.00, 108.00, 10, 0, NULL),
(48, 49, N'ER', 48, 223, N'Palpitations', N'Arrhythmia under evaluation', '2026-02-27T00:00:00', 120.00, 108.00, 10, 0, NULL),
(49, 50, N'Consultation', 49, 224, N'Vomiting', N'Dehydration', '2026-02-28T00:00:00', 120.00, 120.00, NULL, 0, NULL),
(50, 51, N'Lab', 50, 200, N'Fever, fatigue', N'Viral infection', '2026-03-01T00:00:00', 200.00, 200.00, 0, 0, NULL),
(51, 52, N'Imaging', 51, 201, N'Chest pain, sweating', N'Angina observation', '2026-03-02T00:00:00', 450.00, 450.00, NULL, 0, 22),
(52, 53, N'Transplant', 52, 202, N'Cough, dyspnea', N'Bronchitis', '2026-03-03T00:00:00', 300.00, 285.00, 5, 0, NULL),
(53, 54, N'FollowUp', 53, 203, N'Abdominal pain, nausea', N'Gastritis', '2026-03-04T00:00:00', 200.00, 190.00, 5, 0, NULL),
(54, 55, N'ER', 54, 204, N'Headache, dizziness', N'Migraine', '2026-03-05T00:00:00', 200.00, 170.00, 15, 0, NULL),
(55, 56, N'Consultation', 55, 205, N'Joint pain', N'Sprain', '2026-03-06T00:00:00', 120.00, 114.00, 5, 0, NULL),
(56, 57, N'Lab', 56, 206, N'Skin rash', N'Allergic dermatitis', '2026-03-07T00:00:00', 450.00, 360.00, 20, 0, NULL),
(57, 58, N'Imaging', 57, 207, N'Back pain', N'Lumbar strain', '2026-03-08T00:00:00', 450.00, 427.50, 5, 0, NULL),
(58, 59, N'Transplant', 58, 208, N'Palpitations', N'Arrhythmia under evaluation', '2026-03-09T00:00:00', 200.00, 190.00, 5, 1, NULL),
(59, 60, N'FollowUp', 59, 209, N'Vomiting', N'Dehydration', '2026-03-10T00:00:00', 120.00, 96.00, 20, 0, NULL),
(60, 1, N'ER', 60, 210, N'Fever, fatigue', N'Viral infection', '2026-03-11T00:00:00', 600.00, 510.00, 15, 0, NULL),
(61, 2, N'Consultation', 61, 211, N'Chest pain, sweating', N'Angina observation', '2026-03-12T00:00:00', 600.00, 480.00, 20, 0, NULL),
(62, 3, N'Lab', 62, 212, N'Cough, dyspnea', N'Bronchitis', '2026-03-13T00:00:00', 120.00, 120.00, NULL, 0, NULL),
(63, 4, N'Imaging', 63, 213, N'Abdominal pain, nausea', N'Gastritis', '2026-03-14T00:00:00', 600.00, 600.00, 0, 0, NULL),
(64, 5, N'Transplant', 64, 214, N'Headache, dizziness', N'Migraine', '2026-03-15T00:00:00', 120.00, 108.00, 10, 0, NULL),
(65, 6, N'FollowUp', 65, 215, N'Joint pain', N'Sprain', '2026-03-16T00:00:00', 450.00, 405.00, 10, 0, NULL),
(66, 7, N'ER', 66, 216, N'Skin rash', N'Allergic dermatitis', '2026-03-17T00:00:00', 600.00, 540.00, 10, 0, NULL),
(67, 8, N'Consultation', 67, 217, N'Back pain', N'Lumbar strain', '2026-03-18T00:00:00', 600.00, 570.00, 5, 0, NULL),
(68, 9, N'Lab', 68, 218, N'Palpitations', N'Arrhythmia under evaluation', '2026-03-19T00:00:00', 250.00, 225.00, 10, 0, 9),
(69, 10, N'Imaging', 69, 219, N'Vomiting', N'Dehydration', '2026-03-20T00:00:00', 150.00, 135.00, 10, 0, NULL),
(70, 11, N'Transplant', 70, 220, N'Fever, fatigue', N'Viral infection', '2026-03-21T00:00:00', 150.00, 150.00, NULL, 0, NULL),
(71, 12, N'FollowUp', 71, 221, N'Chest pain, sweating', N'Angina observation', '2026-03-22T00:00:00', 600.00, 480.00, 20, 0, NULL),
(72, 13, N'ER', 72, 222, N'Cough, dyspnea', N'Bronchitis', '2026-03-23T00:00:00', 200.00, 160.00, 20, 0, NULL),
(73, 14, N'Consultation', 73, 223, N'Abdominal pain, nausea', N'Gastritis', '2026-03-24T00:00:00', 600.00, 600.00, 0, 0, NULL),
(74, 15, N'Lab', 74, 224, N'Headache, dizziness', N'Migraine', '2026-03-25T00:00:00', 300.00, 300.00, 0, 0, NULL),
(75, 16, N'Imaging', 75, 200, N'Joint pain', N'Sprain', '2026-03-26T00:00:00', 200.00, 190.00, 5, 0, NULL),
(76, 17, N'Transplant', 76, 201, N'Skin rash', N'Allergic dermatitis', '2026-03-27T00:00:00', 250.00, 237.50, 5, 0, NULL),
(77, 18, N'FollowUp', 77, 202, N'Back pain', N'Lumbar strain', '2026-03-28T00:00:00', 600.00, 510.00, 15, 0, NULL),
(78, 19, N'ER', 78, 203, N'Palpitations', N'Arrhythmia under evaluation', '2026-03-29T00:00:00', 120.00, 102.00, 15, 0, NULL),
(79, 20, N'Consultation', 79, 204, N'Vomiting', N'Dehydration', '2026-03-30T00:00:00', 150.00, 135.00, 10, 0, NULL),
(80, 21, N'Lab', 80, 205, N'Fever, fatigue', N'Viral infection', '2026-03-31T00:00:00', 600.00, 600.00, 0, 0, NULL),
(81, 22, N'Imaging', 81, 206, N'Chest pain, sweating', N'Angina observation', '2026-04-01T00:00:00', 150.00, 135.00, 10, 0, NULL),
(82, 23, N'Transplant', 82, 207, N'Cough, dyspnea', N'Bronchitis', '2026-04-02T00:00:00', 120.00, 96.00, 20, 0, NULL),
(83, 24, N'FollowUp', 83, 208, N'Abdominal pain, nausea', N'Gastritis', '2026-04-03T00:00:00', 120.00, 108.00, 10, 0, NULL),
(84, 25, N'ER', 84, 209, N'Headache, dizziness', N'Migraine', '2026-04-04T00:00:00', 300.00, 255.00, 15, 0, NULL),
(85, 26, N'Consultation', 85, 210, N'Joint pain', N'Sprain', '2026-04-05T00:00:00', 200.00, 200.00, 0, 0, 26),
(86, 27, N'Lab', 86, 211, N'Skin rash', N'Allergic dermatitis', '2026-04-06T00:00:00', 250.00, 250.00, NULL, 0, NULL),
(87, 28, N'Imaging', 87, 212, N'Back pain', N'Lumbar strain', '2026-04-07T00:00:00', 120.00, 114.00, 5, 1, NULL),
(88, 29, N'Transplant', 88, 213, N'Palpitations', N'Arrhythmia under evaluation', '2026-04-08T00:00:00', 300.00, 300.00, NULL, 0, NULL),
(89, 30, N'FollowUp', 89, 214, N'Vomiting', N'Dehydration', '2026-04-09T00:00:00', 150.00, 150.00, NULL, 0, NULL),
(90, 31, N'ER', 90, 215, N'Fever, fatigue', N'Viral infection', '2026-04-10T00:00:00', 250.00, 225.00, 10, 0, NULL),
(91, 32, N'Consultation', 2, 216, N'Chest pain, sweating', N'Angina observation', '2026-04-11T00:00:00', 450.00, 405.00, 10, 0, NULL),
(92, 33, N'Lab', 3, 217, N'Cough, dyspnea', N'Bronchitis', '2026-04-12T00:00:00', 150.00, 150.00, 0, 0, NULL),
(93, 34, N'Imaging', 4, 218, N'Abdominal pain, nausea', N'Gastritis', '2026-04-13T00:00:00', 150.00, 135.00, 10, 0, NULL),
(94, 35, N'Transplant', 5, 219, N'Headache, dizziness', N'Migraine', '2026-04-14T00:00:00', 250.00, 212.50, 15, 0, NULL),
(95, 36, N'FollowUp', 6, 220, N'Joint pain', N'Sprain', '2026-04-15T00:00:00', 450.00, 450.00, 0, 0, NULL),
(96, 37, N'ER', 7, 221, N'Skin rash', N'Allergic dermatitis', '2026-04-16T00:00:00', 450.00, 382.50, 15, 0, NULL),
(97, 38, N'Consultation', 8, 222, N'Back pain', N'Lumbar strain', '2026-04-17T00:00:00', 600.00, 480.00, 20, 0, NULL),
(98, 39, N'Lab', 9, 223, N'Palpitations', N'Arrhythmia under evaluation', '2026-04-18T00:00:00', 600.00, 600.00, NULL, 0, NULL),
(99, 40, N'Imaging', 10, 224, N'Vomiting', N'Dehydration', '2026-04-19T00:00:00', 600.00, 570.00, 5, 0, NULL),
(100, 41, N'Transplant', 11, 200, N'Fever, fatigue', N'Viral infection', '2026-04-20T00:00:00', 200.00, 190.00, 5, 0, NULL),
(101, 42, N'FollowUp', 12, 201, N'Chest pain, sweating', N'Angina observation', '2026-04-21T00:00:00', 300.00, 285.00, 5, 0, NULL),
(102, 43, N'ER', 13, 202, N'Cough, dyspnea', N'Bronchitis', '2026-04-22T00:00:00', 200.00, 190.00, 5, 0, 13),
(103, 44, N'Consultation', 14, 203, N'Abdominal pain, nausea', N'Gastritis', '2026-04-23T00:00:00', 450.00, 427.50, 5, 0, NULL),
(104, 45, N'Lab', 15, 204, N'Headache, dizziness', N'Migraine', '2026-04-24T00:00:00', 150.00, 135.00, 10, 0, NULL),
(105, 46, N'Imaging', 16, 205, N'Joint pain', N'Sprain', '2026-04-25T00:00:00', 150.00, 150.00, 0, 0, NULL),
(106, 47, N'Transplant', 17, 206, N'Skin rash', N'Allergic dermatitis', '2026-04-26T00:00:00', 150.00, 150.00, 0, 0, NULL),
(107, 48, N'FollowUp', 18, 207, N'Back pain', N'Lumbar strain', '2026-04-27T00:00:00', 150.00, 142.50, 5, 0, NULL),
(108, 49, N'ER', 19, 208, N'Palpitations', N'Arrhythmia under evaluation', '2026-04-28T00:00:00', 300.00, 300.00, 0, 0, NULL),
(109, 50, N'Consultation', 20, 209, N'Vomiting', N'Dehydration', '2026-04-29T00:00:00', 200.00, 200.00, NULL, 0, NULL),
(110, 51, N'Lab', 21, 210, N'Fever, fatigue', N'Viral infection', '2026-04-30T00:00:00', 250.00, 237.50, 5, 0, NULL),
(111, 52, N'Imaging', 22, 211, N'Chest pain, sweating', N'Angina observation', '2026-05-01T00:00:00', 150.00, 127.50, 15, 0, NULL),
(112, 53, N'Transplant', 23, 212, N'Cough, dyspnea', N'Bronchitis', '2026-05-02T00:00:00', 300.00, 300.00, 0, 0, NULL),
(113, 54, N'FollowUp', 24, 213, N'Abdominal pain, nausea', N'Gastritis', '2026-05-03T00:00:00', 450.00, 450.00, NULL, 0, NULL),
(114, 55, N'ER', 25, 214, N'Headache, dizziness', N'Migraine', '2026-05-04T00:00:00', 450.00, 405.00, 10, 0, NULL),
(115, 56, N'Consultation', 26, 215, N'Joint pain', N'Sprain', '2026-05-05T00:00:00', 120.00, 120.00, NULL, 0, NULL),
(116, 57, N'Lab', 27, 216, N'Skin rash', N'Allergic dermatitis', '2026-05-06T00:00:00', 120.00, 108.00, 10, 1, NULL),
(117, 58, N'Imaging', 28, 217, N'Back pain', N'Lumbar strain', '2026-05-07T00:00:00', 600.00, 600.00, 0, 0, NULL),
(118, 59, N'Transplant', 29, 218, N'Palpitations', N'Arrhythmia under evaluation', '2026-05-08T00:00:00', 600.00, 540.00, 10, 0, NULL),
(119, 60, N'FollowUp', 30, 219, N'Vomiting', N'Dehydration', '2026-05-09T00:00:00', 200.00, 200.00, NULL, 0, 30),
(120, 1, N'ER', 31, 220, N'Fever, fatigue', N'Viral infection', '2026-05-10T00:00:00', 200.00, 200.00, 0, 0, NULL);
SET IDENTITY_INSERT [MedicalRecord] OFF;

SET IDENTITY_INSERT [Prescription] ON;
INSERT INTO [Prescription] ([PrescriptionID], [RecordID], [DoctorNotes], [Date]) VALUES
(1, 1, N'Avoid driving if drowsy', '2026-01-12T00:00:00'),
(2, 2, N'Return if symptoms worsen', '2026-01-13T00:00:00'),
(3, 3, N'Complete full course', '2026-01-14T00:00:00'),
(4, 4, N'Monitor blood pressure', '2026-01-15T00:00:00'),
(5, 5, N'Take with food', '2026-01-16T00:00:00'),
(6, 6, N'Avoid driving if drowsy', '2026-01-17T00:00:00'),
(7, 7, N'Return if symptoms worsen', '2026-01-18T00:00:00'),
(8, 8, N'Complete full course', '2026-01-19T00:00:00'),
(9, 9, N'Monitor blood pressure', '2026-01-20T00:00:00'),
(10, 10, N'Take with food', '2026-01-21T00:00:00'),
(11, 11, N'Avoid driving if drowsy', '2026-01-22T00:00:00'),
(12, 12, N'Return if symptoms worsen', '2026-01-23T00:00:00'),
(13, 13, N'Complete full course', '2026-01-24T00:00:00'),
(14, 14, N'Monitor blood pressure', '2026-01-25T00:00:00'),
(15, 15, N'Take with food', '2026-01-26T00:00:00'),
(16, 16, N'Avoid driving if drowsy', '2026-01-27T00:00:00'),
(17, 17, N'Return if symptoms worsen', '2026-01-28T00:00:00'),
(18, 18, N'Complete full course', '2026-01-29T00:00:00'),
(19, 19, N'Monitor blood pressure', '2026-01-30T00:00:00'),
(20, 20, N'Take with food', '2026-01-31T00:00:00'),
(21, 21, N'Avoid driving if drowsy', '2026-02-01T00:00:00'),
(22, 22, N'Return if symptoms worsen', '2026-02-02T00:00:00'),
(23, 23, N'Complete full course', '2026-02-03T00:00:00'),
(24, 24, N'Monitor blood pressure', '2026-02-04T00:00:00'),
(25, 25, N'Take with food', '2026-02-05T00:00:00'),
(26, 26, N'Avoid driving if drowsy', '2026-02-06T00:00:00'),
(27, 27, N'Return if symptoms worsen', '2026-02-07T00:00:00'),
(28, 28, N'Complete full course', '2026-02-08T00:00:00'),
(29, 29, N'Monitor blood pressure', '2026-02-09T00:00:00'),
(30, 30, N'Take with food', '2026-02-10T00:00:00'),
(31, 31, N'Avoid driving if drowsy', '2026-02-11T00:00:00'),
(32, 32, N'Return if symptoms worsen', '2026-02-12T00:00:00'),
(33, 33, N'Complete full course', '2026-02-13T00:00:00'),
(34, 34, N'Monitor blood pressure', '2026-02-14T00:00:00'),
(35, 35, N'Take with food', '2026-02-15T00:00:00'),
(36, 36, N'Avoid driving if drowsy', '2026-02-16T00:00:00'),
(37, 37, N'Return if symptoms worsen', '2026-02-17T00:00:00'),
(38, 38, N'Complete full course', '2026-02-18T00:00:00'),
(39, 39, N'Monitor blood pressure', '2026-02-19T00:00:00'),
(40, 40, N'Take with food', '2026-02-20T00:00:00'),
(41, 41, N'Avoid driving if drowsy', '2026-02-21T00:00:00'),
(42, 42, N'Return if symptoms worsen', '2026-02-22T00:00:00'),
(43, 43, N'Complete full course', '2026-02-23T00:00:00'),
(44, 44, N'Monitor blood pressure', '2026-02-24T00:00:00'),
(45, 45, N'Take with food', '2026-02-25T00:00:00'),
(46, 46, N'Avoid driving if drowsy', '2026-02-26T00:00:00'),
(47, 47, N'Return if symptoms worsen', '2026-02-27T00:00:00'),
(48, 48, N'Complete full course', '2026-02-28T00:00:00'),
(49, 49, N'Monitor blood pressure', '2026-03-01T00:00:00'),
(50, 50, N'Take with food', '2026-03-02T00:00:00'),
(51, 51, N'Avoid driving if drowsy', '2026-03-03T00:00:00'),
(52, 52, N'Return if symptoms worsen', '2026-03-04T00:00:00'),
(53, 53, N'Complete full course', '2026-03-05T00:00:00'),
(54, 54, N'Monitor blood pressure', '2026-03-06T00:00:00'),
(55, 55, N'Take with food', '2026-03-07T00:00:00'),
(56, 56, N'Avoid driving if drowsy', '2026-03-08T00:00:00'),
(57, 57, N'Return if symptoms worsen', '2026-03-09T00:00:00'),
(58, 58, N'Complete full course', '2026-03-10T00:00:00'),
(59, 59, N'Monitor blood pressure', '2026-03-11T00:00:00'),
(60, 60, N'Take with food', '2026-03-12T00:00:00'),
(61, 61, N'Avoid driving if drowsy', '2026-03-13T00:00:00'),
(62, 62, N'Return if symptoms worsen', '2026-03-14T00:00:00'),
(63, 63, N'Complete full course', '2026-03-15T00:00:00'),
(64, 64, N'Monitor blood pressure', '2026-03-16T00:00:00'),
(65, 65, N'Take with food', '2026-03-17T00:00:00'),
(66, 66, N'Avoid driving if drowsy', '2026-03-18T00:00:00'),
(67, 67, N'Return if symptoms worsen', '2026-03-19T00:00:00'),
(68, 68, N'Complete full course', '2026-03-20T00:00:00'),
(69, 69, N'Monitor blood pressure', '2026-03-21T00:00:00'),
(70, 70, N'Take with food', '2026-03-22T00:00:00'),
(71, 71, N'Avoid driving if drowsy', '2026-03-23T00:00:00'),
(72, 72, N'Return if symptoms worsen', '2026-03-24T00:00:00'),
(73, 73, N'Complete full course', '2026-03-25T00:00:00'),
(74, 74, N'Monitor blood pressure', '2026-03-26T00:00:00'),
(75, 75, N'Take with food', '2026-03-27T00:00:00'),
(76, 76, N'Avoid driving if drowsy', '2026-03-28T00:00:00'),
(77, 77, N'Return if symptoms worsen', '2026-03-29T00:00:00'),
(78, 78, N'Complete full course', '2026-03-30T00:00:00'),
(79, 79, N'Monitor blood pressure', '2026-03-31T00:00:00'),
(80, 80, N'Take with food', '2026-04-01T00:00:00');
SET IDENTITY_INSERT [Prescription] OFF;

SET IDENTITY_INSERT [PrescriptionItems] ON;
INSERT INTO [PrescriptionItems] ([PrescrItemID], [PrescriptionID], [MedName], [Quantity]) VALUES
(1, 1, N'Amoxicillin', N'2 tablets daily'),
(2, 2, N'Azithromycin', N'5 ml every 8h'),
(3, 3, N'Metformin', N'Apply locally twice daily'),
(4, 4, N'Atorvastatin', N'Use as needed'),
(5, 4, N'Omeprazole', N'1 capsule morning'),
(6, 4, N'Salbutamol inhaler', N'10 units nightly'),
(7, 5, N'Omeprazole', N'1 capsule morning'),
(8, 5, N'Salbutamol inhaler', N'10 units nightly'),
(9, 5, N'Cetirizine', N'1 tablet twice daily'),
(10, 6, N'Salbutamol inhaler', N'10 units nightly'),
(11, 7, N'Cetirizine', N'1 tablet twice daily'),
(12, 8, N'Amlodipine', N'1 tablet daily'),
(13, 8, N'Lisinopril', N'2 tablets daily'),
(14, 9, N'Lisinopril', N'2 tablets daily'),
(15, 9, N'Prednisone', N'5 ml every 8h'),
(16, 9, N'Cefuroxime', N'Apply locally twice daily'),
(17, 10, N'Prednisone', N'5 ml every 8h'),
(18, 11, N'Cefuroxime', N'Apply locally twice daily'),
(19, 11, N'Doxycycline', N'Use as needed'),
(20, 12, N'Doxycycline', N'Use as needed'),
(21, 12, N'Insulin glargine', N'1 capsule morning'),
(22, 12, N'Tramadol', N'10 units nightly'),
(23, 13, N'Insulin glargine', N'1 capsule morning'),
(24, 13, N'Tramadol', N'10 units nightly'),
(25, 14, N'Tramadol', N'10 units nightly'),
(26, 14, N'Ondansetron', N'1 tablet twice daily'),
(27, 14, N'Pantoprazole', N'1 tablet daily'),
(28, 15, N'Ondansetron', N'1 tablet twice daily'),
(29, 16, N'Pantoprazole', N'1 tablet daily'),
(30, 17, N'Furosemide', N'2 tablets daily'),
(31, 17, N'Aspirin', N'5 ml every 8h'),
(32, 17, N'Paracetamol', N'Apply locally twice daily'),
(33, 18, N'Aspirin', N'5 ml every 8h'),
(34, 18, N'Paracetamol', N'Apply locally twice daily'),
(35, 18, N'Ibuprofen', N'Use as needed'),
(36, 19, N'Paracetamol', N'Apply locally twice daily'),
(37, 19, N'Ibuprofen', N'Use as needed'),
(38, 19, N'Amoxicillin', N'1 capsule morning'),
(39, 20, N'Ibuprofen', N'Use as needed'),
(40, 20, N'Amoxicillin', N'1 capsule morning'),
(41, 20, N'Azithromycin', N'10 units nightly'),
(42, 21, N'Amoxicillin', N'1 capsule morning'),
(43, 21, N'Azithromycin', N'10 units nightly'),
(44, 22, N'Azithromycin', N'10 units nightly'),
(45, 23, N'Metformin', N'1 tablet twice daily'),
(46, 24, N'Atorvastatin', N'1 tablet daily'),
(47, 24, N'Omeprazole', N'2 tablets daily'),
(48, 25, N'Omeprazole', N'2 tablets daily'),
(49, 25, N'Salbutamol inhaler', N'5 ml every 8h'),
(50, 26, N'Salbutamol inhaler', N'5 ml every 8h'),
(51, 27, N'Cetirizine', N'Apply locally twice daily'),
(52, 28, N'Amlodipine', N'Use as needed'),
(53, 29, N'Lisinopril', N'1 capsule morning'),
(54, 29, N'Prednisone', N'10 units nightly'),
(55, 30, N'Prednisone', N'10 units nightly'),
(56, 31, N'Cefuroxime', N'1 tablet twice daily'),
(57, 31, N'Doxycycline', N'1 tablet daily'),
(58, 31, N'Insulin glargine', N'2 tablets daily'),
(59, 32, N'Doxycycline', N'1 tablet daily'),
(60, 32, N'Insulin glargine', N'2 tablets daily'),
(61, 32, N'Tramadol', N'5 ml every 8h'),
(62, 33, N'Insulin glargine', N'2 tablets daily'),
(63, 33, N'Tramadol', N'5 ml every 8h'),
(64, 33, N'Ondansetron', N'Apply locally twice daily'),
(65, 34, N'Tramadol', N'5 ml every 8h'),
(66, 35, N'Ondansetron', N'Apply locally twice daily'),
(67, 36, N'Pantoprazole', N'Use as needed'),
(68, 36, N'Furosemide', N'1 capsule morning'),
(69, 37, N'Furosemide', N'1 capsule morning'),
(70, 37, N'Aspirin', N'10 units nightly'),
(71, 38, N'Aspirin', N'10 units nightly'),
(72, 38, N'Paracetamol', N'1 tablet twice daily'),
(73, 38, N'Ibuprofen', N'1 tablet daily'),
(74, 39, N'Paracetamol', N'1 tablet twice daily'),
(75, 39, N'Ibuprofen', N'1 tablet daily'),
(76, 40, N'Ibuprofen', N'1 tablet daily'),
(77, 41, N'Amoxicillin', N'2 tablets daily'),
(78, 41, N'Azithromycin', N'5 ml every 8h'),
(79, 41, N'Metformin', N'Apply locally twice daily'),
(80, 42, N'Azithromycin', N'5 ml every 8h'),
(81, 42, N'Metformin', N'Apply locally twice daily'),
(82, 43, N'Metformin', N'Apply locally twice daily'),
(83, 44, N'Atorvastatin', N'Use as needed'),
(84, 45, N'Omeprazole', N'1 capsule morning'),
(85, 46, N'Salbutamol inhaler', N'10 units nightly'),
(86, 46, N'Cetirizine', N'1 tablet twice daily'),
(87, 47, N'Cetirizine', N'1 tablet twice daily'),
(88, 47, N'Amlodipine', N'1 tablet daily'),
(89, 47, N'Lisinopril', N'2 tablets daily'),
(90, 48, N'Amlodipine', N'1 tablet daily'),
(91, 48, N'Lisinopril', N'2 tablets daily'),
(92, 49, N'Lisinopril', N'2 tablets daily'),
(93, 50, N'Prednisone', N'5 ml every 8h'),
(94, 50, N'Cefuroxime', N'Apply locally twice daily'),
(95, 51, N'Cefuroxime', N'Apply locally twice daily'),
(96, 52, N'Doxycycline', N'Use as needed'),
(97, 52, N'Insulin glargine', N'1 capsule morning'),
(98, 53, N'Insulin glargine', N'1 capsule morning'),
(99, 53, N'Tramadol', N'10 units nightly'),
(100, 53, N'Ondansetron', N'1 tablet twice daily'),
(101, 54, N'Tramadol', N'10 units nightly'),
(102, 54, N'Ondansetron', N'1 tablet twice daily'),
(103, 54, N'Pantoprazole', N'1 tablet daily'),
(104, 55, N'Ondansetron', N'1 tablet twice daily'),
(105, 56, N'Pantoprazole', N'1 tablet daily'),
(106, 56, N'Furosemide', N'2 tablets daily'),
(107, 56, N'Aspirin', N'5 ml every 8h'),
(108, 57, N'Furosemide', N'2 tablets daily'),
(109, 57, N'Aspirin', N'5 ml every 8h'),
(110, 57, N'Paracetamol', N'Apply locally twice daily'),
(111, 58, N'Aspirin', N'5 ml every 8h'),
(112, 59, N'Paracetamol', N'Apply locally twice daily'),
(113, 59, N'Ibuprofen', N'Use as needed'),
(114, 59, N'Amoxicillin', N'1 capsule morning'),
(115, 60, N'Ibuprofen', N'Use as needed'),
(116, 61, N'Amoxicillin', N'1 capsule morning'),
(117, 61, N'Azithromycin', N'10 units nightly'),
(118, 62, N'Azithromycin', N'10 units nightly'),
(119, 62, N'Metformin', N'1 tablet twice daily'),
(120, 62, N'Atorvastatin', N'1 tablet daily'),
(121, 63, N'Metformin', N'1 tablet twice daily'),
(122, 63, N'Atorvastatin', N'1 tablet daily'),
(123, 64, N'Atorvastatin', N'1 tablet daily'),
(124, 64, N'Omeprazole', N'2 tablets daily'),
(125, 65, N'Omeprazole', N'2 tablets daily'),
(126, 65, N'Salbutamol inhaler', N'5 ml every 8h'),
(127, 66, N'Salbutamol inhaler', N'5 ml every 8h'),
(128, 66, N'Cetirizine', N'Apply locally twice daily'),
(129, 66, N'Amlodipine', N'Use as needed'),
(130, 67, N'Cetirizine', N'Apply locally twice daily'),
(131, 67, N'Amlodipine', N'Use as needed'),
(132, 68, N'Amlodipine', N'Use as needed'),
(133, 68, N'Lisinopril', N'1 capsule morning'),
(134, 69, N'Lisinopril', N'1 capsule morning'),
(135, 70, N'Prednisone', N'10 units nightly'),
(136, 70, N'Cefuroxime', N'1 tablet twice daily'),
(137, 71, N'Cefuroxime', N'1 tablet twice daily'),
(138, 71, N'Doxycycline', N'1 tablet daily'),
(139, 71, N'Insulin glargine', N'2 tablets daily'),
(140, 72, N'Doxycycline', N'1 tablet daily'),
(141, 72, N'Insulin glargine', N'2 tablets daily'),
(142, 72, N'Tramadol', N'5 ml every 8h'),
(143, 73, N'Insulin glargine', N'2 tablets daily'),
(144, 73, N'Tramadol', N'5 ml every 8h'),
(145, 74, N'Tramadol', N'5 ml every 8h'),
(146, 74, N'Ondansetron', N'Apply locally twice daily'),
(147, 75, N'Ondansetron', N'Apply locally twice daily'),
(148, 75, N'Pantoprazole', N'Use as needed'),
(149, 76, N'Pantoprazole', N'Use as needed'),
(150, 77, N'Furosemide', N'1 capsule morning'),
(151, 77, N'Aspirin', N'10 units nightly'),
(152, 78, N'Aspirin', N'10 units nightly'),
(153, 78, N'Paracetamol', N'1 tablet twice daily'),
(154, 78, N'Ibuprofen', N'1 tablet daily'),
(155, 79, N'Paracetamol', N'1 tablet twice daily'),
(156, 80, N'Ibuprofen', N'1 tablet daily'),
(157, 80, N'Amoxicillin', N'2 tablets daily');
SET IDENTITY_INSERT [PrescriptionItems] OFF;

UPDATE MedicalHistory SET RH = 'Positive' WHERE RH = '+';
UPDATE MedicalHistory SET RH = 'Negative' WHERE RH = '-';

UPDATE MedicalRecord
SET SourceType = CASE
    WHEN SourceType = 'ER' THEN 'ER Visit'
    ELSE 'Appointment'
END;

-- adding an addict

SET IDENTITY_INSERT [MedicalRecord] ON;
INSERT INTO [MedicalRecord]
([RecordID], [HistoryID], [SourceType], [SourceID], [StaffID], [Symptoms], [Diagnosis],
 [ConsultationDate], [BasePrice], [FinalPrice], [DiscountApplied], [PoliceNotified], [TransplantID])
VALUES
(121, 1, N'Consultation', 121, 301, N'Back pain', N'Pain management', '2026-05-08T00:00:00', 200.00, 200.00, 0, 0, NULL),
(122, 1, N'Consultation', 122, 302, N'Back pain', N'Pain management', '2026-05-08T00:00:00', 200.00, 200.00, 0, 0, NULL),
(123, 1, N'Consultation', 123, 303, N'Back pain', N'Pain management', '2026-05-08T00:00:00', 200.00, 200.00, 0, 0, NULL),
(124, 2, N'Consultation', 124, 304, N'Chronic pain', N'Pain management', '2026-05-10T00:00:00', 210.00, 210.00, 0, 0, NULL),
(125, 2, N'Consultation', 125, 305, N'Chronic pain', N'Pain management', '2026-05-12T00:00:00', 210.00, 210.00, 0, 0, NULL),
(126, 2, N'Consultation', 126, 306, N'Chronic pain', N'Pain management', '2026-05-14T00:00:00', 210.00, 210.00, 0, 0, NULL),
(127, 3, N'Consultation', 127, 307, N'Post-op pain', N'Pain management', '2026-05-09T00:00:00', 220.00, 220.00, 0, 0, NULL),
(128, 3, N'Consultation', 128, 308, N'Post-op pain', N'Pain management', '2026-05-11T00:00:00', 220.00, 220.00, 0, 0, NULL),
(129, 3, N'Consultation', 129, 309, N'Post-op pain', N'Pain management', '2026-05-13T00:00:00', 220.00, 220.00, 0, 0, NULL);
SET IDENTITY_INSERT [MedicalRecord] OFF;

SET IDENTITY_INSERT [Prescription] ON;
INSERT INTO [Prescription]
([PrescriptionID], [RecordID], [DoctorNotes], [Date])
VALUES
(81, 121, N'Use only as prescribed', '2026-05-08T00:00:00'),
(82, 122, N'Use only as prescribed', '2026-05-08T00:00:00'),
(83, 123, N'Use only as prescribed', '2026-05-08T00:00:00'),
(84, 124, N'Use only as prescribed', '2026-05-10T00:00:00'),
(85, 125, N'Use only as prescribed', '2026-05-12T00:00:00'),
(86, 126, N'Use only as prescribed', '2026-05-14T00:00:00'),
(87, 127, N'Use only as prescribed', '2026-05-09T00:00:00'),
(88, 128, N'Use only as prescribed', '2026-05-11T00:00:00'),
(89, 129, N'Use only as prescribed', '2026-05-13T00:00:00');
SET IDENTITY_INSERT [Prescription] OFF;

SET IDENTITY_INSERT [PrescriptionItems] ON;
INSERT INTO [PrescriptionItems]
([PrescrItemID], [PrescriptionID], [MedName], [Quantity])
VALUES
(158, 81, N'Tramadol', N'1 tablet daily'),
(159, 82, N'Tramadol', N'1 tablet daily'),
(160, 83, N'Tramadol', N'1 tablet daily'),
(161, 84, N'Tramadol', N'1 tablet daily'),
(162, 85, N'Tramadol', N'1 tablet daily'),
(163, 86, N'Tramadol', N'1 tablet daily'),
(164, 87, N'Codeine', N'1 tablet daily'),
(165, 88, N'Codeine', N'1 tablet daily'),
(166, 89, N'Codeine', N'1 tablet daily');
SET IDENTITY_INSERT [PrescriptionItems] OFF;


    COMMIT TRANSACTION;
    PRINT 'Seed completed successfully.';
END TRY
BEGIN CATCH
    IF XACT_STATE() <> 0 ROLLBACK TRANSACTION;
    PRINT 'Seed failed. See the SQL Server error above.';
    THROW;
END CATCH;
